group_type,group_key,canonical_path,duplicate_count,duplicate_paths,all_paths,splits_involved,cross_split
visual_phash,d555f7556eaa0aaa11aa919ca157a07fea6fce41cc406d8079837ba297a897e8,D:\AIUB\DSP\Code\Datasets\ZhangLabData\OCT2017_CLEAN_SHAONLY\val\DME\012931d6__DME-5014129-4.jpeg,5,D:\AIUB\DSP\Code\Datasets\ZhangLabData\OCT2017_CLEAN_SHAONLY\val\DME\0872c799__DME-5014129-8.jpeg;D:\AIUB\DSP\Code\Datasets\ZhangLabData\OCT2017_CLEAN_SHAONLY\train\DME\0f0ac761__DME-5014129-5.jpeg;D:\AIUB\DSP\Code\Datasets\ZhangLabData\OCT2017_CLEAN_SHAONLY\train\DME\823c83f9__DME-5014129-9.jpeg;D:\AIUB\DSP\Code\Datasets\ZhangLabData\OCT2017_CLEAN_SHAONLY\train\DME\e8766d13__DME-5014129-6.jpeg;D:\AIUB\DSP\Code\Datasets\ZhangLabData\OCT2017_CLEAN_SHAONLY\train\DME\07a4e340__DME-5014129-10.jpeg,D:\AIUB\DSP\Code\Datasets\ZhangLabData\OCT2017_CLEAN_SHAONLY\val\DME\012931d6__DME-5014129-4.jpeg;D:\AIUB\DSP\Code\Datasets\ZhangLabData\OCT2017_CLEAN_SHAONLY\val\DME\0872c799__DME-5014129-8.jpeg;D:\AIUB\DSP\Code\Datasets\ZhangLabData\OCT2017_CLEAN_SHAONLY\train\DME\0f0ac761__DME-5014129-5.jpeg;D:\AIUB\DSP\Code\Datasets\ZhangLabData\OCT2017_CLEAN_SHAONLY\train\DME\823c83f9__DME-5014129-9.jpeg;D:\AIUB\DSP\Code\Datasets\ZhangLabData\OCT2017_CLEAN_SHAONLY\train\DME\e8766d13__DME-5014129-6.jpeg;D:\AIUB\DSP\Code\Datasets\ZhangLabData\OCT2017_CLEAN_SHAONLY\train\DME\07a4e340__DME-5014129-10.jpeg,"train,val",1
visual_phash,b14eba8c2ab54420d54a95ca3dd42b556a35eaa52aabe0ead5aa9d3837756257,D:\AIUB\DSP\Code\Datasets\ZhangLabData\OCT2017_CLEAN_SHAONLY\val\NORMAL\20510b0c__NORMAL-4370701-3.jpeg,3,D:\AIUB\DSP\Code\Datasets\ZhangLabData\OCT2017_CLEAN_SHAONLY\train\NORMAL\6bdc887c__NORMAL-4370701-6.jpeg;D:\AIUB\DSP\Code\Datasets\ZhangLabData\OCT2017_CLEAN_SHAONLY\train\NORMAL\727448c8__NORMAL-4370701-13.jpeg;D:\AIUB\DSP\Code\Datasets\ZhangLabData\OCT2017_CLEAN_SHAONLY\train\NORMAL\72aaa5e5__NORMAL-4370701-10.jpeg,D:\AIUB\DSP\Code\Datasets\ZhangLabData\OCT2017_CLEAN_SHAONLY\val\NORMAL\20510b0c__NORMAL-4370701-3.jpeg;D:\AIUB\DSP\Code\Datasets\ZhangLabData\OCT2017_CLEAN_SHAONLY\train\NORMAL\6bdc887c__NORMAL-4370701-6.jpeg;D:\AIUB\DSP\Code\Datasets\ZhangLabData\OCT2017_CLEAN_SHAONLY\train\NORMAL\727448c8__NORMAL-4370701-13.jpeg;D:\AIUB\DSP\Code\Datasets\ZhangLabData\OCT2017_CLEAN_SHAONLY\train\NORMAL\72aaa5e5__NORMAL-4370701-10.jpeg,"train,val",1
visual_phash,800f789977fa8764e825689a93ce0da5e5b972591e66ce2762b915f88dc2c857,D:\AIUB\DSP\Code\Datasets\ZhangLabData\OCT2017_CLEAN_SHAONLY\train\CNV\344d1db0__CNV-5674369-124.jpeg,2,D:\AIUB\DSP\Code\Datasets\ZhangLabData\OCT2017_CLEAN_SHAONLY\train\CNV\54aa4d51__CNV-5674369-129.jpeg;D:\AIUB\DSP\Code\Datasets\ZhangLabData\OCT2017_CLEAN_SHAONLY\train\CNV\ec571857__CNV-5674369-123.jpeg,D:\AIUB\DSP\Code\Datasets\ZhangLabData\OCT2017_CLEAN_SHAONLY\train\CNV\344d1db0__CNV-5674369-124.jpeg;D:\AIUB\DSP\Code\Datasets\ZhangLabData\OCT2017_CLEAN_SHAONLY\train\CNV\54aa4d51__CNV-5674369-129.jpeg;D:\AIUB\DSP\Code\Datasets\ZhangLabData\OCT2017_CLEAN_SHAONLY\train\CNV\ec571857__CNV-5674369-123.jpeg,train,0
visual_phash,95553dd56baac3269cc53ccd311dd933663666669cc89198a3356e215aead0ce,D:\AIUB\DSP\Code\Datasets\ZhangLabData\OCT2017_CLEAN_SHAONLY\train\CNV\eb813e76__CNV-7997521-8.jpeg,2,D:\AIUB\DSP\Code\Datasets\ZhangLabData\OCT2017_CLEAN_SHAONLY\train\CNV\06eb4712__CNV-7997521-16.jpeg;D:\AIUB\DSP\Code\Datasets\ZhangLabData\OCT2017_CLEAN_SHAONLY\train\CNV\856a132b__CNV-7997521-14.jpeg,D:\AIUB\DSP\Code\Datasets\ZhangLabData\OCT2017_CLEAN_SHAONLY\train\CNV\eb813e76__CNV-7997521-8.jpeg;D:\AIUB\DSP\Code\Datasets\ZhangLabData\OCT2017_CLEAN_SHAONLY\train\CNV\06eb4712__CNV-7997521-16.jpeg;D:\AIUB\DSP\Code\Datasets\ZhangLabData\OCT2017_CLEAN_SHAONLY\train\CNV\856a132b__CNV-7997521-14.jpeg,train,0
visual_phash,b705b335abf92aff2aef08ae488a480a5c007c0074b064b3f4b3d5b3d5f397d2,D:\AIUB\DSP\Code\Datasets\ZhangLabData\OCT2017_CLEAN_SHAONLY\train\DME\2736752e__DME-5313093-52.jpeg,2,D:\AIUB\DSP\Code\Datasets\ZhangLabData\OCT2017_CLEAN_SHAONLY\train\DME\b99298df__DME-5313093-51.jpeg;D:\AIUB\DSP\Code\Datasets\ZhangLabData\OCT2017_CLEAN_SHAONLY\train\DME\efb97627__DME-5313093-53.jpeg,D:\AIUB\DSP\Code\Datasets\ZhangLabData\OCT2017_CLEAN_SHAONLY\train\DME\2736752e__DME-5313093-52.jpeg;D:\AIUB\DSP\Code\Datasets\ZhangLabData\OCT2017_CLEAN_SHAONLY\train\DME\b99298df__DME-5313093-51.jpeg;D:\AIUB\DSP\Code\Datasets\ZhangLabData\OCT2017_CLEAN_SHAONLY\train\DME\efb97627__DME-5313093-53.jpeg,train,0
visual_phash,b855a8452afe6bbad28856ab173a277266679e659ac4d09e84ba0dba2da8e94a,D:\AIUB\DSP\Code\Datasets\ZhangLabData\OCT2017_CLEAN_SHAONLY\train\DRUSEN\3b599595__DRUSEN-8986660-141.jpeg,2,D:\AIUB\DSP\Code\Datasets\ZhangLabData\OCT2017_CLEAN_SHAONLY\train\DRUSEN\3e7f6c3b__DRUSEN-8986660-142.jpeg;D:\AIUB\DSP\Code\Datasets\ZhangLabData\OCT2017_CLEAN_SHAONLY\train\DRUSEN\89cbb5cb__DRUSEN-8986660-138.jpeg,D:\AIUB\DSP\Code\Datasets\ZhangLabData\OCT2017_CLEAN_SHAONLY\train\DRUSEN\3b599595__DRUSEN-8986660-141.jpeg;D:\AIUB\DSP\Code\Datasets\ZhangLabData\OCT2017_CLEAN_SHAONLY\train\DRUSEN\3e7f6c3b__DRUSEN-8986660-142.jpeg;D:\AIUB\DSP\Code\Datasets\ZhangLabData\OCT2017_CLEAN_SHAONLY\train\DRUSEN\89cbb5cb__DRUSEN-8986660-138.jpeg,train,0
visual_phash,b755af552add4aa9d2a276aa35aa1dea6daa472ac12a904a305acc12cfa473ed,D:\AIUB\DSP\Code\Datasets\ZhangLabData\OCT2017_CLEAN_SHAONLY\train\NORMAL\3417f790__NORMAL-7780589-7.jpeg,2,D:\AIUB\DSP\Code\Datasets\ZhangLabData\OCT2017_CLEAN_SHAONLY\train\NORMAL\5094a94f__NORMAL-7780589-9.jpeg;D:\AIUB\DSP\Code\Datasets\ZhangLabData\OCT2017_CLEAN_SHAONLY\train\NORMAL\94ad96ed__NORMAL-7780589-8.jpeg,D:\AIUB\DSP\Code\Datasets\ZhangLabData\OCT2017_CLEAN_SHAONLY\train\NORMAL\3417f790__NORMAL-7780589-7.jpeg;D:\AIUB\DSP\Code\Datasets\ZhangLabData\OCT2017_CLEAN_SHAONLY\train\NORMAL\5094a94f__NORMAL-7780589-9.jpeg;D:\AIUB\DSP\Code\Datasets\ZhangLabData\OCT2017_CLEAN_SHAONLY\train\NORMAL\94ad96ed__NORMAL-7780589-8.jpeg,train,0
visual_phash,f775f77d2fff2acf08cd08bad022d02274207724d72cd38cd48e748a7d023d42,D:\AIUB\DSP\Code\Datasets\ZhangLabData\OCT2017_CLEAN_SHAONLY\train\NORMAL\c4051e9b__NORMAL-9321707-19.jpeg,2,D:\AIUB\DSP\Code\Datasets\ZhangLabData\OCT2017_CLEAN_SHAONLY\train\NORMAL\c6ddcbd4__NORMAL-9321707-11.jpeg;D:\AIUB\DSP\Code\Datasets\ZhangLabData\OCT2017_CLEAN_SHAONLY\train\NORMAL\ff710f47__NORMAL-9321707-18.jpeg,D:\AIUB\DSP\Code\Datasets\ZhangLabData\OCT2017_CLEAN_SHAONLY\train\NORMAL\c4051e9b__NORMAL-9321707-19.jpeg;D:\AIUB\DSP\Code\Datasets\ZhangLabData\OCT2017_CLEAN_SHAONLY\train\NORMAL\c6ddcbd4__NORMAL-9321707-11.jpeg;D:\AIUB\DSP\Code\Datasets\ZhangLabData\OCT2017_CLEAN_SHAONLY\train\NORMAL\ff710f47__NORMAL-9321707-18.jpeg,train,0
visual_phash,e000e00077be7fff3fff1ddf8dff80ff70ff50379200ca40e040e201630931b9,D:\AIUB\DSP\Code\Datasets\ZhangLabData\OCT2017_CLEAN_SHAONLY\val\DME\19702a9d__DME-5313093-58.jpeg,2,D:\AIUB\DSP\Code\Datasets\ZhangLabData\OCT2017_CLEAN_SHAONLY\train\DME\373edc0c__DME-5313093-59.jpeg;D:\AIUB\DSP\Code\Datasets\ZhangLabData\OCT2017_CLEAN_SHAONLY\train\DME\f65a78ad__DME-5313093-55.jpeg,D:\AIUB\DSP\Code\Datasets\ZhangLabData\OCT2017_CLEAN_SHAONLY\val\DME\19702a9d__DME-5313093-58.jpeg;D:\AIUB\DSP\Code\Datasets\ZhangLabData\OCT2017_CLEAN_SHAONLY\train\DME\373edc0c__DME-5313093-59.jpeg;D:\AIUB\DSP\Code\Datasets\ZhangLabData\OCT2017_CLEAN_SHAONLY\train\DME\f65a78ad__DME-5313093-55.jpeg,"train,val",1
visual_phash,d3c0d98649bf26ffb64d1a441a21e773e77ee136e09688930bc943e9152c3cd4,D:\AIUB\DSP\Code\Datasets\ZhangLabData\OCT2017_CLEAN_SHAONLY\test\CNV\15f50242__CNV-818474-3.jpeg,1,D:\AIUB\DSP\Code\Datasets\ZhangLabData\OCT2017_CLEAN_SHAONLY\test\CNV\52e8cd9b__CNV-346788-3.jpeg,D:\AIUB\DSP\Code\Datasets\ZhangLabData\OCT2017_CLEAN_SHAONLY\test\CNV\15f50242__CNV-818474-3.jpeg;D:\AIUB\DSP\Code\Datasets\ZhangLabData\OCT2017_CLEAN_SHAONLY\test\CNV\52e8cd9b__CNV-346788-3.jpeg,test,0
visual_phash,ffffc000bbbf78eaf0e8e88ba31b6230d170e186870f2f1b5238227c13ba85e2,D:\AIUB\DSP\Code\Datasets\ZhangLabData\OCT2017_CLEAN_SHAONLY\test\CNV\4fadf5bb__CNV-1256555-3.jpeg,1,D:\AIUB\DSP\Code\Datasets\ZhangLabData\OCT2017_CLEAN_SHAONLY\test\CNV\e6d08c62__CNV-7772148-1.jpeg,D:\AIUB\DSP\Code\Datasets\ZhangLabData\OCT2017_CLEAN_SHAONLY\test\CNV\4fadf5bb__CNV-1256555-3.jpeg;D:\AIUB\DSP\Code\Datasets\ZhangLabData\OCT2017_CLEAN_SHAONLY\test\CNV\e6d08c62__CNV-7772148-1.jpeg,test,0
visual_phash,d95519ac26b3e645db8c19b2216366c4d69cfb590d2384a6f8ccbf9987736066,D:\AIUB\DSP\Code\Datasets\ZhangLabData\OCT2017_CLEAN_SHAONLY\test\CNV\7a041309__CNV-818474-1.jpeg,1,D:\AIUB\DSP\Code\Datasets\ZhangLabData\OCT2017_CLEAN_SHAONLY\test\CNV\a03c6230__CNV-346788-2.jpeg,D:\AIUB\DSP\Code\Datasets\ZhangLabData\OCT2017_CLEAN_SHAONLY\test\CNV\7a041309__CNV-818474-1.jpeg;D:\AIUB\DSP\Code\Datasets\ZhangLabData\OCT2017_CLEAN_SHAONLY\test\CNV\a03c6230__CNV-346788-2.jpeg,test,0
visual_phash,beaa6aaabfbf7aa8dcaa72aade3aa0024e2eb662ec2cd002a41c91ea875ca955,D:\AIUB\DSP\Code\Datasets\ZhangLabData\OCT2017_CLEAN_SHAONLY\test\DME\0cee0ea9__DME-2226375-1.jpeg,1,D:\AIUB\DSP\Code\Datasets\ZhangLabData\OCT2017_CLEAN_SHAONLY\test\DME\f1a568fe__DME-6486712-3.jpeg,D:\AIUB\DSP\Code\Datasets\ZhangLabData\OCT2017_CLEAN_SHAONLY\test\DME\0cee0ea9__DME-2226375-1.jpeg;D:\AIUB\DSP\Code\Datasets\ZhangLabData\OCT2017_CLEAN_SHAONLY\test\DME\f1a568fe__DME-6486712-3.jpeg,test,0
visual_phash,a55793fb0aacaa54a56e95b392b9caedee46a55295a9d2a98a11c556c546d0a9,D:\AIUB\DSP\Code\Datasets\ZhangLabData\OCT2017_CLEAN_SHAONLY\test\DME\6615a884__DME-2895526-1.jpeg,1,D:\AIUB\DSP\Code\Datasets\ZhangLabData\OCT2017_CLEAN_SHAONLY\test\DME\cafec231__DME-7066515-1.jpeg,D:\AIUB\DSP\Code\Datasets\ZhangLabData\OCT2017_CLEAN_SHAONLY\test\DME\6615a884__DME-2895526-1.jpeg;D:\AIUB\DSP\Code\Datasets\ZhangLabData\OCT2017_CLEAN_SHAONLY\test\DME\cafec231__DME-7066515-1.jpeg,test,0
visual_phash,ffff7fff8f8e7fffb0007050825343e6cb042f0cec10b491504112c3634c8f2c,D:\AIUB\DSP\Code\Datasets\ZhangLabData\OCT2017_CLEAN_SHAONLY\test\DME\cbf1c583__DME-657432-3.jpeg,1,D:\AIUB\DSP\Code\Datasets\ZhangLabData\OCT2017_CLEAN_SHAONLY\test\DME\8dfa6be7__DME-3894007-1.jpeg,D:\AIUB\DSP\Code\Datasets\ZhangLabData\OCT2017_CLEAN_SHAONLY\test\DME\cbf1c583__DME-657432-3.jpeg;D:\AIUB\DSP\Code\Datasets\ZhangLabData\OCT2017_CLEAN_SHAONLY\test\DME\8dfa6be7__DME-3894007-1.jpeg,test,0
visual_phash,b155a5450eaacaabdbd5bd51a529a22bdad29c94a10da32b9a799ad4a58ce52b,D:\AIUB\DSP\Code\Datasets\ZhangLabData\OCT2017_CLEAN_SHAONLY\test\DRUSEN\0992ba04__DRUSEN-2800047-1.jpeg,1,D:\AIUB\DSP\Code\Datasets\ZhangLabData\OCT2017_CLEAN_SHAONLY\test\DRUSEN\7906b50b__DRUSEN-2372808-1.jpeg,D:\AIUB\DSP\Code\Datasets\ZhangLabData\OCT2017_CLEAN_SHAONLY\test\DRUSEN\0992ba04__DRUSEN-2800047-1.jpeg;D:\AIUB\DSP\Code\Datasets\ZhangLabData\OCT2017_CLEAN_SHAONLY\test\DRUSEN\7906b50b__DRUSEN-2372808-1.jpeg,test,0
visual_phash,f755e37108ae500e9540f7f1ab3f620f90885df0af75421f920a75c0adf40a7f,D:\AIUB\DSP\Code\Datasets\ZhangLabData\OCT2017_CLEAN_SHAONLY\test\DRUSEN\0a155f31__DRUSEN-642842-8.jpeg,1,D:\AIUB\DSP\Code\Datasets\ZhangLabData\OCT2017_CLEAN_SHAONLY\test\DRUSEN\3b571fbf__DRUSEN-6033699-1.jpeg,D:\AIUB\DSP\Code\Datasets\ZhangLabData\OCT2017_CLEAN_SHAONLY\test\DRUSEN\0a155f31__DRUSEN-642842-8.jpeg;D:\AIUB\DSP\Code\Datasets\ZhangLabData\OCT2017_CLEAN_SHAONLY\test\DRUSEN\3b571fbf__DRUSEN-6033699-1.jpeg,test,0
visual_phash,d515d3316ae22dc42444dc0dc88bfd11fbe1da64ca4ecd1ee518f4b9f2c0fa54,D:\AIUB\DSP\Code\Datasets\ZhangLabData\OCT2017_CLEAN_SHAONLY\test\DRUSEN\0ac2807e__DRUSEN-5424975-1.jpeg,1,D:\AIUB\DSP\Code\Datasets\ZhangLabData\OCT2017_CLEAN_SHAONLY\test\DRUSEN\27200ef8__DRUSEN-5558492-1.jpeg,D:\AIUB\DSP\Code\Datasets\ZhangLabData\OCT2017_CLEAN_SHAONLY\test\DRUSEN\0ac2807e__DRUSEN-5424975-1.jpeg;D:\AIUB\DSP\Code\Datasets\ZhangLabData\OCT2017_CLEAN_SHAONLY\test\DRUSEN\27200ef8__DRUSEN-5558492-1.jpeg,test,0
visual_phash,abbe82023aea2882bd558555b5458777bc9499ddb8459557d43093ae38c81fd7,D:\AIUB\DSP\Code\Datasets\ZhangLabData\OCT2017_CLEAN_SHAONLY\test\DRUSEN\0fa51f94__DRUSEN-3253824-1.jpeg,1,D:\AIUB\DSP\Code\Datasets\ZhangLabData\OCT2017_CLEAN_SHAONLY\test\DRUSEN\fe87ed05__DRUSEN-7823469-2.jpeg,D:\AIUB\DSP\Code\Datasets\ZhangLabData\OCT2017_CLEAN_SHAONLY\test\DRUSEN\0fa51f94__DRUSEN-3253824-1.jpeg;D:\AIUB\DSP\Code\Datasets\ZhangLabData\OCT2017_CLEAN_SHAONLY\test\DRUSEN\fe87ed05__DRUSEN-7823469-2.jpeg,test,0
visual_phash,9535b3272eba0c9880428163ef3db739b38f80ef68ec7e721f53975f832da020,D:\AIUB\DSP\Code\Datasets\ZhangLabData\OCT2017_CLEAN_SHAONLY\test\DRUSEN\0fb8561e__DRUSEN-695291-1.jpeg,1,D:\AIUB\DSP\Code\Datasets\ZhangLabData\OCT2017_CLEAN_SHAONLY\test\DRUSEN\fe5bcae0__DRUSEN-3618354-1.jpeg,D:\AIUB\DSP\Code\Datasets\ZhangLabData\OCT2017_CLEAN_SHAONLY\test\DRUSEN\0fb8561e__DRUSEN-695291-1.jpeg;D:\AIUB\DSP\Code\Datasets\ZhangLabData\OCT2017_CLEAN_SHAONLY\test\DRUSEN\fe5bcae0__DRUSEN-3618354-1.jpeg,test,0
visual_phash,f555fee279fc8dd4c64fe005f010fd98ddcdd442d432ce0c878087d390fd8870,D:\AIUB\DSP\Code\Datasets\ZhangLabData\OCT2017_CLEAN_SHAONLY\test\DRUSEN\4dda3403__DRUSEN-5506734-5.jpeg,1,D:\AIUB\DSP\Code\Datasets\ZhangLabData\OCT2017_CLEAN_SHAONLY\test\DRUSEN\c0574399__DRUSEN-5348228-1.jpeg,D:\AIUB\DSP\Code\Datasets\ZhangLabData\OCT2017_CLEAN_SHAONLY\test\DRUSEN\4dda3403__DRUSEN-5506734-5.jpeg;D:\AIUB\DSP\Code\Datasets\ZhangLabData\OCT2017_CLEAN_SHAONLY\test\DRUSEN\c0574399__DRUSEN-5348228-1.jpeg,test,0
visual_phash,b545b2022bbb8d85b746b26a26b1899bbb4ca6f4b613c30aa8e8bcd69727866d,D:\AIUB\DSP\Code\Datasets\ZhangLabData\OCT2017_CLEAN_SHAONLY\test\DRUSEN\4f102a77__DRUSEN-7650080-1.jpeg,1,D:\AIUB\DSP\Code\Datasets\ZhangLabData\OCT2017_CLEAN_SHAONLY\test\DRUSEN\52954d0f__DRUSEN-2851896-1.jpeg,D:\AIUB\DSP\Code\Datasets\ZhangLabData\OCT2017_CLEAN_SHAONLY\test\DRUSEN\4f102a77__DRUSEN-7650080-1.jpeg;D:\AIUB\DSP\Code\Datasets\ZhangLabData\OCT2017_CLEAN_SHAONLY\test\DRUSEN\52954d0f__DRUSEN-2851896-1.jpeg,test,0
visual_phash,f735b2312aea09ea0d8c8d84ac93ae73a27b836c934593c1a0dba8fe88ae9d37,D:\AIUB\DSP\Code\Datasets\ZhangLabData\OCT2017_CLEAN_SHAONLY\test\DRUSEN\50beaa27__DRUSEN-5925278-1.jpeg,1,D:\AIUB\DSP\Code\Datasets\ZhangLabData\OCT2017_CLEAN_SHAONLY\test\DRUSEN\8d96c44a__DRUSEN-8138585-1.jpeg,D:\AIUB\DSP\Code\Datasets\ZhangLabData\OCT2017_CLEAN_SHAONLY\test\DRUSEN\50beaa27__DRUSEN-5925278-1.jpeg;D:\AIUB\DSP\Code\Datasets\ZhangLabData\OCT2017_CLEAN_SHAONLY\test\DRUSEN\8d96c44a__DRUSEN-8138585-1.jpeg,test,0
visual_phash,aeaaf555faaa98008046e00577305f7b19df29cf3a64ae768fbbc199f004bc46,D:\AIUB\DSP\Code\Datasets\ZhangLabData\OCT2017_CLEAN_SHAONLY\test\DRUSEN\68034ee9__DRUSEN-980567-1.jpeg,1,D:\AIUB\DSP\Code\Datasets\ZhangLabData\OCT2017_CLEAN_SHAONLY\test\DRUSEN\acb6c555__DRUSEN-1649300-2.jpeg,D:\AIUB\DSP\Code\Datasets\ZhangLabData\OCT2017_CLEAN_SHAONLY\test\DRUSEN\68034ee9__DRUSEN-980567-1.jpeg;D:\AIUB\DSP\Code\Datasets\ZhangLabData\OCT2017_CLEAN_SHAONLY\test\DRUSEN\acb6c555__DRUSEN-1649300-2.jpeg,test,0
visual_phash,f354f3530c2b4c85eec4f37a723adcc4ecc06c1baa34d740e1ccf89e6ca29561,D:\AIUB\DSP\Code\Datasets\ZhangLabData\OCT2017_CLEAN_SHAONLY\test\DRUSEN\6eefa689__DRUSEN-303419-1.jpeg,1,D:\AIUB\DSP\Code\Datasets\ZhangLabData\OCT2017_CLEAN_SHAONLY\test\DRUSEN\132f6d9c__DRUSEN-7339588-1.jpeg,D:\AIUB\DSP\Code\Datasets\ZhangLabData\OCT2017_CLEAN_SHAONLY\test\DRUSEN\6eefa689__DRUSEN-303419-1.jpeg;D:\AIUB\DSP\Code\Datasets\ZhangLabData\OCT2017_CLEAN_SHAONLY\test\DRUSEN\132f6d9c__DRUSEN-7339588-1.jpeg,test,0
visual_phash,f755ffaa98888252e73b098c08223e7733ad49827c765779c19de0469e680f3b,D:\AIUB\DSP\Code\Datasets\ZhangLabData\OCT2017_CLEAN_SHAONLY\test\DRUSEN\7b3045d0__DRUSEN-834942-1.jpeg,1,D:\AIUB\DSP\Code\Datasets\ZhangLabData\OCT2017_CLEAN_SHAONLY\test\DRUSEN\121ee989__DRUSEN-2899654-1.jpeg,D:\AIUB\DSP\Code\Datasets\ZhangLabData\OCT2017_CLEAN_SHAONLY\test\DRUSEN\7b3045d0__DRUSEN-834942-1.jpeg;D:\AIUB\DSP\Code\Datasets\ZhangLabData\OCT2017_CLEAN_SHAONLY\test\DRUSEN\121ee989__DRUSEN-2899654-1.jpeg,test,0
visual_phash,ffff3fffea800fffcada23fce2003a80ca4028c48a023e108f7a639e0bdfe002,D:\AIUB\DSP\Code\Datasets\ZhangLabData\OCT2017_CLEAN_SHAONLY\test\DRUSEN\9f3b3579__DRUSEN-9703681-1.jpeg,1,D:\AIUB\DSP\Code\Datasets\ZhangLabData\OCT2017_CLEAN_SHAONLY\test\DRUSEN\dc5743c9__DRUSEN-8196333-1.jpeg,D:\AIUB\DSP\Code\Datasets\ZhangLabData\OCT2017_CLEAN_SHAONLY\test\DRUSEN\9f3b3579__DRUSEN-9703681-1.jpeg;D:\AIUB\DSP\Code\Datasets\ZhangLabData\OCT2017_CLEAN_SHAONLY\test\DRUSEN\dc5743c9__DRUSEN-8196333-1.jpeg,test,0
visual_phash,f755b7556fea18aa8004e015e773366a946c0598e9935be3d6ee067ca051699b,D:\AIUB\DSP\Code\Datasets\ZhangLabData\OCT2017_CLEAN_SHAONLY\test\DRUSEN\a491bbe1__DRUSEN-9807719-1.jpeg,1,D:\AIUB\DSP\Code\Datasets\ZhangLabData\OCT2017_CLEAN_SHAONLY\test\DRUSEN\e89de427__DRUSEN-5677974-1.jpeg,D:\AIUB\DSP\Code\Datasets\ZhangLabData\OCT2017_CLEAN_SHAONLY\test\DRUSEN\a491bbe1__DRUSEN-9807719-1.jpeg;D:\AIUB\DSP\Code\Datasets\ZhangLabData\OCT2017_CLEAN_SHAONLY\test\DRUSEN\e89de427__DRUSEN-5677974-1.jpeg,test,0
visual_phash,a1558aaa8caaa155b28d82aa8473dd94d778d773d8c46d6df715529668ec2f11,D:\AIUB\DSP\Code\Datasets\ZhangLabData\OCT2017_CLEAN_SHAONLY\test\DRUSEN\ab717653__DRUSEN-5404227-1.jpeg,1,D:\AIUB\DSP\Code\Datasets\ZhangLabData\OCT2017_CLEAN_SHAONLY\test\DRUSEN\d3697ad5__DRUSEN-5677974-2.jpeg,D:\AIUB\DSP\Code\Datasets\ZhangLabData\OCT2017_CLEAN_SHAONLY\test\DRUSEN\ab717653__DRUSEN-5404227-1.jpeg;D:\AIUB\DSP\Code\Datasets\ZhangLabData\OCT2017_CLEAN_SHAONLY\test\DRUSEN\d3697ad5__DRUSEN-5677974-2.jpeg,test,0
visual_phash,bfff7775823f7fff818a7d80c0003e6cc224b767c0039dd160181fdd60814da3,D:\AIUB\DSP\Code\Datasets\ZhangLabData\OCT2017_CLEAN_SHAONLY\test\DRUSEN\b3b8bb43__DRUSEN-1495504-2.jpeg,1,D:\AIUB\DSP\Code\Datasets\ZhangLabData\OCT2017_CLEAN_SHAONLY\test\DRUSEN\db39f44f__DRUSEN-6552587-1.jpeg,D:\AIUB\DSP\Code\Datasets\ZhangLabData\OCT2017_CLEAN_SHAONLY\test\DRUSEN\b3b8bb43__DRUSEN-1495504-2.jpeg;D:\AIUB\DSP\Code\Datasets\ZhangLabData\OCT2017_CLEAN_SHAONLY\test\DRUSEN\db39f44f__DRUSEN-6552587-1.jpeg,test,0
visual_phash,ffff8000d55595579555d555e302f145f9a8e8aa7aaa7a280ea00fbb235c334c,D:\AIUB\DSP\Code\Datasets\ZhangLabData\OCT2017_CLEAN_SHAONLY\test\DRUSEN\b436acde__DRUSEN-6657507-1.jpeg,1,D:\AIUB\DSP\Code\Datasets\ZhangLabData\OCT2017_CLEAN_SHAONLY\test\DRUSEN\e01096bf__DRUSEN-6420074-1.jpeg,D:\AIUB\DSP\Code\Datasets\ZhangLabData\OCT2017_CLEAN_SHAONLY\test\DRUSEN\b436acde__DRUSEN-6657507-1.jpeg;D:\AIUB\DSP\Code\Datasets\ZhangLabData\OCT2017_CLEAN_SHAONLY\test\DRUSEN\e01096bf__DRUSEN-6420074-1.jpeg,test,0
visual_phash,e355a3f128eadc0add10b377a3e5aac88c988c13e923ea74d2de96ebb540ec14,D:\AIUB\DSP\Code\Datasets\ZhangLabData\OCT2017_CLEAN_SHAONLY\test\DRUSEN\b723af96__DRUSEN-9837043-1.jpeg,1,D:\AIUB\DSP\Code\Datasets\ZhangLabData\OCT2017_CLEAN_SHAONLY\test\DRUSEN\c12819ae__DRUSEN-2381956-2.jpeg,D:\AIUB\DSP\Code\Datasets\ZhangLabData\OCT2017_CLEAN_SHAONLY\test\DRUSEN\b723af96__DRUSEN-9837043-1.jpeg;D:\AIUB\DSP\Code\Datasets\ZhangLabData\OCT2017_CLEAN_SHAONLY\test\DRUSEN\c12819ae__DRUSEN-2381956-2.jpeg,test,0
visual_phash,b7fff775aebe7eb20aba5db9815d504080e276e28332633d811d600584c76cc6,D:\AIUB\DSP\Code\Datasets\ZhangLabData\OCT2017_CLEAN_SHAONLY\test\DRUSEN\c299b17b__DRUSEN-11129-1.jpeg,1,D:\AIUB\DSP\Code\Datasets\ZhangLabData\OCT2017_CLEAN_SHAONLY\test\DRUSEN\5ef270de__DRUSEN-6552587-3.jpeg,D:\AIUB\DSP\Code\Datasets\ZhangLabData\OCT2017_CLEAN_SHAONLY\test\DRUSEN\c299b17b__DRUSEN-11129-1.jpeg;D:\AIUB\DSP\Code\Datasets\ZhangLabData\OCT2017_CLEAN_SHAONLY\test\DRUSEN\5ef270de__DRUSEN-6552587-3.jpeg,test,0
visual_phash,eaaa3555fabf08aad55d7e22b6556aaa815d78aa0c456a22037dd22a37c595d8,D:\AIUB\DSP\Code\Datasets\ZhangLabData\OCT2017_CLEAN_SHAONLY\test\DRUSEN\f515582a__DRUSEN-980567-3.jpeg,1,D:\AIUB\DSP\Code\Datasets\ZhangLabData\OCT2017_CLEAN_SHAONLY\test\DRUSEN\55a02cb9__DRUSEN-1649300-4.jpeg,D:\AIUB\DSP\Code\Datasets\ZhangLabData\OCT2017_CLEAN_SHAONLY\test\DRUSEN\f515582a__DRUSEN-980567-3.jpeg;D:\AIUB\DSP\Code\Datasets\ZhangLabData\OCT2017_CLEAN_SHAONLY\test\DRUSEN\55a02cb9__DRUSEN-1649300-4.jpeg,test,0
visual_phash,c371cbf369b275f734dd36c932495a4d990799075983338533c433e218e258f3,D:\AIUB\DSP\Code\Datasets\ZhangLabData\OCT2017_CLEAN_SHAONLY\train\CNV\19cdb5b2__CNV-4643364-20.jpeg,1,D:\AIUB\DSP\Code\Datasets\ZhangLabData\OCT2017_CLEAN_SHAONLY\train\CNV\e47c810e__CNV-4643364-21.jpeg,D:\AIUB\DSP\Code\Datasets\ZhangLabData\OCT2017_CLEAN_SHAONLY\train\CNV\19cdb5b2__CNV-4643364-20.jpeg;D:\AIUB\DSP\Code\Datasets\ZhangLabData\OCT2017_CLEAN_SHAONLY\train\CNV\e47c810e__CNV-4643364-21.jpeg,train,0
visual_phash,d110fe007ff83ffc1fcc03ee01370133801bccdfc4ed606c317638363c1f5e0f,D:\AIUB\DSP\Code\Datasets\ZhangLabData\OCT2017_CLEAN_SHAONLY\train\CNV\1ace0a06__CNV-9374492-271.jpeg,1,D:\AIUB\DSP\Code\Datasets\ZhangLabData\OCT2017_CLEAN_SHAONLY\train\CNV\db31b047__CNV-9374492-273.jpeg,D:\AIUB\DSP\Code\Datasets\ZhangLabData\OCT2017_CLEAN_SHAONLY\train\CNV\1ace0a06__CNV-9374492-271.jpeg;D:\AIUB\DSP\Code\Datasets\ZhangLabData\OCT2017_CLEAN_SHAONLY\train\CNV\db31b047__CNV-9374492-273.jpeg,train,0
visual_phash,8000a6402fff783fdc03dd0683cf237926790cf069846b8fda6f966f17f92558,D:\AIUB\DSP\Code\Datasets\ZhangLabData\OCT2017_CLEAN_SHAONLY\train\CNV\1d46edaa__CNV-6569286-92.jpeg,1,D:\AIUB\DSP\Code\Datasets\ZhangLabData\OCT2017_CLEAN_SHAONLY\train\CNV\9fde9ee9__CNV-6569286-94.jpeg,D:\AIUB\DSP\Code\Datasets\ZhangLabData\OCT2017_CLEAN_SHAONLY\train\CNV\1d46edaa__CNV-6569286-92.jpeg;D:\AIUB\DSP\Code\Datasets\ZhangLabData\OCT2017_CLEAN_SHAONLY\train\CNV\9fde9ee9__CNV-6569286-94.jpeg,train,0
visual_phash,8010b7552bef4888cc991db215b69776c6453cc939d9e796ee56197d6b196b01,D:\AIUB\DSP\Code\Datasets\ZhangLabData\OCT2017_CLEAN_SHAONLY\train\CNV\1d969e52__CNV-178673-14.jpeg,1,D:\AIUB\DSP\Code\Datasets\ZhangLabData\OCT2017_CLEAN_SHAONLY\train\CNV\c7ed6927__CNV-178673-13.jpeg,D:\AIUB\DSP\Code\Datasets\ZhangLabData\OCT2017_CLEAN_SHAONLY\train\CNV\1d969e52__CNV-178673-14.jpeg;D:\AIUB\DSP\Code\Datasets\ZhangLabData\OCT2017_CLEAN_SHAONLY\train\CNV\c7ed6927__CNV-178673-13.jpeg,train,0
visual_phash,9755bf5528a360a8d488d6ca9f7f197f6931e9016cc666d4663592b998ab81aa,D:\AIUB\DSP\Code\Datasets\ZhangLabData\OCT2017_CLEAN_SHAONLY\train\CNV\20d6e4b5__CNV-7852568-77.jpeg,1,D:\AIUB\DSP\Code\Datasets\ZhangLabData\OCT2017_CLEAN_SHAONLY\train\CNV\49cf9b20__CNV-7852568-78.jpeg,D:\AIUB\DSP\Code\Datasets\ZhangLabData\OCT2017_CLEAN_SHAONLY\train\CNV\20d6e4b5__CNV-7852568-77.jpeg;D:\AIUB\DSP\Code\Datasets\ZhangLabData\OCT2017_CLEAN_SHAONLY\train\CNV\49cf9b20__CNV-7852568-78.jpeg,train,0
visual_phash,cc00fc403b829f98c7f8c2fe303f391fcccf4ae6a31f953d4ce32853318c4bb8,D:\AIUB\DSP\Code\Datasets\ZhangLabData\OCT2017_CLEAN_SHAONLY\train\CNV\245b9e98__CNV-5603164-51.jpeg,1,D:\AIUB\DSP\Code\Datasets\ZhangLabData\OCT2017_CLEAN_SHAONLY\train\CNV\9e545a6f__CNV-5603164-50.jpeg,D:\AIUB\DSP\Code\Datasets\ZhangLabData\OCT2017_CLEAN_SHAONLY\train\CNV\245b9e98__CNV-5603164-51.jpeg;D:\AIUB\DSP\Code\Datasets\ZhangLabData\OCT2017_CLEAN_SHAONLY\train\CNV\9e545a6f__CNV-5603164-50.jpeg,train,0
visual_phash,f5552f4568aad8889722357fe944ebd10ab71204f5acf8ffc38207aa5c3af148,D:\AIUB\DSP\Code\Datasets\ZhangLabData\OCT2017_CLEAN_SHAONLY\train\CNV\2897fa47__CNV-3118383-26.jpeg,1,D:\AIUB\DSP\Code\Datasets\ZhangLabData\OCT2017_CLEAN_SHAONLY\train\CNV\3190a4c5__CNV-3118383-27.jpeg,D:\AIUB\DSP\Code\Datasets\ZhangLabData\OCT2017_CLEAN_SHAONLY\train\CNV\2897fa47__CNV-3118383-26.jpeg;D:\AIUB\DSP\Code\Datasets\ZhangLabData\OCT2017_CLEAN_SHAONLY\train\CNV\3190a4c5__CNV-3118383-27.jpeg,train,0
visual_phash,f000eccd1bff9353a491ec647a66db9b359905748276c083f9093e530fd4c7ac,D:\AIUB\DSP\Code\Datasets\ZhangLabData\OCT2017_CLEAN_SHAONLY\train\CNV\28eefc37__CNV-1651625-5.jpeg,1,D:\AIUB\DSP\Code\Datasets\ZhangLabData\OCT2017_CLEAN_SHAONLY\train\CNV\44aa5bbe__CNV-1651625-6.jpeg,D:\AIUB\DSP\Code\Datasets\ZhangLabData\OCT2017_CLEAN_SHAONLY\train\CNV\28eefc37__CNV-1651625-5.jpeg;D:\AIUB\DSP\Code\Datasets\ZhangLabData\OCT2017_CLEAN_SHAONLY\train\CNV\44aa5bbe__CNV-1651625-6.jpeg,train,0
visual_phash,f7556be604889005e9676fb85faa90cf2015c733e3e138cd1f3a877a60577a81,D:\AIUB\DSP\Code\Datasets\ZhangLabData\OCT2017_CLEAN_SHAONLY\train\CNV\2cf82d70__CNV-4907724-108.jpeg,1,D:\AIUB\DSP\Code\Datasets\ZhangLabData\OCT2017_CLEAN_SHAONLY\train\CNV\53331a72__CNV-4907724-109.jpeg,D:\AIUB\DSP\Code\Datasets\ZhangLabData\OCT2017_CLEAN_SHAONLY\train\CNV\2cf82d70__CNV-4907724-108.jpeg;D:\AIUB\DSP\Code\Datasets\ZhangLabData\OCT2017_CLEAN_SHAONLY\train\CNV\53331a72__CNV-4907724-109.jpeg,train,0
visual_phash,a755a7552bd5289958b8d8bad02ad62a77aa67880489099719b73d75fc74e478,D:\AIUB\DSP\Code\Datasets\ZhangLabData\OCT2017_CLEAN_SHAONLY\train\CNV\328ef0e9__CNV-8728968-176.jpeg,1,D:\AIUB\DSP\Code\Datasets\ZhangLabData\OCT2017_CLEAN_SHAONLY\train\CNV\7e0ba17b__CNV-8728968-177.jpeg,D:\AIUB\DSP\Code\Datasets\ZhangLabData\OCT2017_CLEAN_SHAONLY\train\CNV\328ef0e9__CNV-8728968-176.jpeg;D:\AIUB\DSP\Code\Datasets\ZhangLabData\OCT2017_CLEAN_SHAONLY\train\CNV\7e0ba17b__CNV-8728968-177.jpeg,train,0
visual_phash,d54173ba0ec58542e33a7ac53d46039996ec4a37619994cc9c677b136f8c85ee,D:\AIUB\DSP\Code\Datasets\ZhangLabData\OCT2017_CLEAN_SHAONLY\train\CNV\43a1496a__CNV-1779025-52.jpeg,1,D:\AIUB\DSP\Code\Datasets\ZhangLabData\OCT2017_CLEAN_SHAONLY\train\CNV\8802ffec__CNV-1779025-51.jpeg,D:\AIUB\DSP\Code\Datasets\ZhangLabData\OCT2017_CLEAN_SHAONLY\train\CNV\43a1496a__CNV-1779025-52.jpeg;D:\AIUB\DSP\Code\Datasets\ZhangLabData\OCT2017_CLEAN_SHAONLY\train\CNV\8802ffec__CNV-1779025-51.jpeg,train,0
visual_phash,e000ee001fff11df8075e8636f0a5f981de838e632f7c79bc57f0877920e3708,D:\AIUB\DSP\Code\Datasets\ZhangLabData\OCT2017_CLEAN_SHAONLY\train\CNV\4a43c483__CNV-8783825-89.jpeg,1,D:\AIUB\DSP\Code\Datasets\ZhangLabData\OCT2017_CLEAN_SHAONLY\train\CNV\9d5ad1ac__CNV-8783825-91.jpeg,D:\AIUB\DSP\Code\Datasets\ZhangLabData\OCT2017_CLEAN_SHAONLY\train\CNV\4a43c483__CNV-8783825-89.jpeg;D:\AIUB\DSP\Code\Datasets\ZhangLabData\OCT2017_CLEAN_SHAONLY\train\CNV\9d5ad1ac__CNV-8783825-91.jpeg,train,0
visual_phash,a6443bbe00ffa0007f89dfffa0266889dff6a77708995c206f4083ff3076ce01,D:\AIUB\DSP\Code\Datasets\ZhangLabData\OCT2017_CLEAN_SHAONLY\train\CNV\4ee45243__CNV-8990725-11.jpeg,1,D:\AIUB\DSP\Code\Datasets\ZhangLabData\OCT2017_CLEAN_SHAONLY\train\CNV\f6575d73__CNV-8990725-10.jpeg,D:\AIUB\DSP\Code\Datasets\ZhangLabData\OCT2017_CLEAN_SHAONLY\train\CNV\4ee45243__CNV-8990725-11.jpeg;D:\AIUB\DSP\Code\Datasets\ZhangLabData\OCT2017_CLEAN_SHAONLY\train\CNV\f6575d73__CNV-8990725-10.jpeg,train,0
visual_phash,b7492adc48b3d128b74a2553a955eb251abb56ac1ca985baf5a21d684b59f255,D:\AIUB\DSP\Code\Datasets\ZhangLabData\OCT2017_CLEAN_SHAONLY\train\CNV\50b2f791__CNV-6741522-77.jpeg,1,D:\AIUB\DSP\Code\Datasets\ZhangLabData\OCT2017_CLEAN_SHAONLY\train\CNV\eabe21bf__CNV-6741522-76.jpeg,D:\AIUB\DSP\Code\Datasets\ZhangLabData\OCT2017_CLEAN_SHAONLY\train\CNV\50b2f791__CNV-6741522-77.jpeg;D:\AIUB\DSP\Code\Datasets\ZhangLabData\OCT2017_CLEAN_SHAONLY\train\CNV\eabe21bf__CNV-6741522-76.jpeg,train,0
visual_phash,dd557ffc1bbb8147e00478085fa387ff80fee86d7801739294a085416b507abe,D:\AIUB\DSP\Code\Datasets\ZhangLabData\OCT2017_CLEAN_SHAONLY\train\CNV\528d7ef3__CNV-8178466-5.jpeg,1,D:\AIUB\DSP\Code\Datasets\ZhangLabData\OCT2017_CLEAN_SHAONLY\train\DME\543b63a0__DME-8178466-2.jpeg,D:\AIUB\DSP\Code\Datasets\ZhangLabData\OCT2017_CLEAN_SHAONLY\train\CNV\528d7ef3__CNV-8178466-5.jpeg;D:\AIUB\DSP\Code\Datasets\ZhangLabData\OCT2017_CLEAN_SHAONLY\train\DME\543b63a0__DME-8178466-2.jpeg,train,0
visual_phash,fe55ff767ffa17dd81ff207f402fc01b80113061300c1906cf80c6c0d7f8b97c,D:\AIUB\DSP\Code\Datasets\ZhangLabData\OCT2017_CLEAN_SHAONLY\train\CNV\61840329__CNV-5425896-12.jpeg,1,D:\AIUB\DSP\Code\Datasets\ZhangLabData\OCT2017_CLEAN_SHAONLY\train\CNV\e2a24cff__CNV-5425896-13.jpeg,D:\AIUB\DSP\Code\Datasets\ZhangLabData\OCT2017_CLEAN_SHAONLY\train\CNV\61840329__CNV-5425896-12.jpeg;D:\AIUB\DSP\Code\Datasets\ZhangLabData\OCT2017_CLEAN_SHAONLY\train\CNV\e2a24cff__CNV-5425896-13.jpeg,train,0
visual_phash,f615f71d7ffe1ddf1de985f2a276a23d4019c88b418e61be503e9027b401ae01,D:\AIUB\DSP\Code\Datasets\ZhangLabData\OCT2017_CLEAN_SHAONLY\train\CNV\6adad41c__CNV-3976600-22.jpeg,1,D:\AIUB\DSP\Code\Datasets\ZhangLabData\OCT2017_CLEAN_SHAONLY\train\CNV\76a8bec6__CNV-3976600-23.jpeg,D:\AIUB\DSP\Code\Datasets\ZhangLabData\OCT2017_CLEAN_SHAONLY\train\CNV\6adad41c__CNV-3976600-22.jpeg;D:\AIUB\DSP\Code\Datasets\ZhangLabData\OCT2017_CLEAN_SHAONLY\train\CNV\76a8bec6__CNV-3976600-23.jpeg,train,0
visual_phash,c410ea207dea3dd58f3d83af42ee60f6b075b45d329f333f58394c0cc406b707,D:\AIUB\DSP\Code\Datasets\ZhangLabData\OCT2017_CLEAN_SHAONLY\train\CNV\753ae237__CNV-9374492-185.jpeg,1,D:\AIUB\DSP\Code\Datasets\ZhangLabData\OCT2017_CLEAN_SHAONLY\train\CNV\9ca7f579__CNV-9374492-193.jpeg,D:\AIUB\DSP\Code\Datasets\ZhangLabData\OCT2017_CLEAN_SHAONLY\train\CNV\753ae237__CNV-9374492-185.jpeg;D:\AIUB\DSP\Code\Datasets\ZhangLabData\OCT2017_CLEAN_SHAONLY\train\CNV\9ca7f579__CNV-9374492-193.jpeg,train,0
visual_phash,b545f5753baa4fd8a081c005b8247f62bf6a5758b0cd6885fa916fb89176f046,D:\AIUB\DSP\Code\Datasets\ZhangLabData\OCT2017_CLEAN_SHAONLY\train\CNV\7ba29917__CNV-8014630-1.jpeg,1,D:\AIUB\DSP\Code\Datasets\ZhangLabData\OCT2017_CLEAN_SHAONLY\train\DME\be5840d2__DME-8014630-1.jpeg,D:\AIUB\DSP\Code\Datasets\ZhangLabData\OCT2017_CLEAN_SHAONLY\train\CNV\7ba29917__CNV-8014630-1.jpeg;D:\AIUB\DSP\Code\Datasets\ZhangLabData\OCT2017_CLEAN_SHAONLY\train\DME\be5840d2__DME-8014630-1.jpeg,train,0
visual_phash,aeaacfc52e8a502ab158f1d1afc54e869c546c78aa697aa3b2a275b895586d55,D:\AIUB\DSP\Code\Datasets\ZhangLabData\OCT2017_CLEAN_SHAONLY\train\CNV\84d7777a__CNV-7585537-6.jpeg,1,D:\AIUB\DSP\Code\Datasets\ZhangLabData\OCT2017_CLEAN_SHAONLY\train\DME\1972f4e6__DME-7585537-3.jpeg,D:\AIUB\DSP\Code\Datasets\ZhangLabData\OCT2017_CLEAN_SHAONLY\train\CNV\84d7777a__CNV-7585537-6.jpeg;D:\AIUB\DSP\Code\Datasets\ZhangLabData\OCT2017_CLEAN_SHAONLY\train\DME\1972f4e6__DME-7585537-3.jpeg,train,0
visual_phash,aeaacce50aaa50bab158715b8bd54f858ed46c6c8a627aa292b271aa95dd2d57,D:\AIUB\DSP\Code\Datasets\ZhangLabData\OCT2017_CLEAN_SHAONLY\train\CNV\9656b61d__CNV-7585537-5.jpeg,1,D:\AIUB\DSP\Code\Datasets\ZhangLabData\OCT2017_CLEAN_SHAONLY\train\DME\24c53335__DME-7585537-2.jpeg,D:\AIUB\DSP\Code\Datasets\ZhangLabData\OCT2017_CLEAN_SHAONLY\train\CNV\9656b61d__CNV-7585537-5.jpeg;D:\AIUB\DSP\Code\Datasets\ZhangLabData\OCT2017_CLEAN_SHAONLY\train\DME\24c53335__DME-7585537-2.jpeg,train,0
visual_phash,b555b55549aa48aadaadb675345568ddd9950922632aca2b92ddb4d5e5524b62,D:\AIUB\DSP\Code\Datasets\ZhangLabData\OCT2017_CLEAN_SHAONLY\train\CNV\986b2a4b__CNV-3509367-14.jpeg,1,D:\AIUB\DSP\Code\Datasets\ZhangLabData\OCT2017_CLEAN_SHAONLY\train\CNV\ebd8f0c2__CNV-3509367-13.jpeg,D:\AIUB\DSP\Code\Datasets\ZhangLabData\OCT2017_CLEAN_SHAONLY\train\CNV\986b2a4b__CNV-3509367-14.jpeg;D:\AIUB\DSP\Code\Datasets\ZhangLabData\OCT2017_CLEAN_SHAONLY\train\CNV\ebd8f0c2__CNV-3509367-13.jpeg,train,0
visual_phash,c555e1157a8c7aaa5eaa1cca9dcc8fd127f12273103b943f0d0f6d0f6b076385,D:\AIUB\DSP\Code\Datasets\ZhangLabData\OCT2017_CLEAN_SHAONLY\train\CNV\9c76e3d8__CNV-1136126-42.jpeg,1,D:\AIUB\DSP\Code\Datasets\ZhangLabData\OCT2017_CLEAN_SHAONLY\train\CNV\ed0c6b33__CNV-1136126-41.jpeg,D:\AIUB\DSP\Code\Datasets\ZhangLabData\OCT2017_CLEAN_SHAONLY\train\CNV\9c76e3d8__CNV-1136126-42.jpeg;D:\AIUB\DSP\Code\Datasets\ZhangLabData\OCT2017_CLEAN_SHAONLY\train\CNV\ed0c6b33__CNV-1136126-41.jpeg,train,0
visual_phash,8300bbbf4cefc440b319abbf4ee644c2b549b077c4f483992b8f4826f470b5d9,D:\AIUB\DSP\Code\Datasets\ZhangLabData\OCT2017_CLEAN_SHAONLY\train\CNV\baff7ffd__CNV-624911-52.jpeg,1,D:\AIUB\DSP\Code\Datasets\ZhangLabData\OCT2017_CLEAN_SHAONLY\train\CNV\e73317c7__CNV-624911-53.jpeg,D:\AIUB\DSP\Code\Datasets\ZhangLabData\OCT2017_CLEAN_SHAONLY\train\CNV\baff7ffd__CNV-624911-52.jpeg;D:\AIUB\DSP\Code\Datasets\ZhangLabData\OCT2017_CLEAN_SHAONLY\train\CNV\e73317c7__CNV-624911-53.jpeg,train,0
visual_phash,fc55fe023f80cfc0e7e031f848de8e6773b3a9dcc4a83a746daac61d690a30c1,D:\AIUB\DSP\Code\Datasets\ZhangLabData\OCT2017_CLEAN_SHAONLY\train\CNV\c6cb0e59__CNV-5603164-120.jpeg,1,D:\AIUB\DSP\Code\Datasets\ZhangLabData\OCT2017_CLEAN_SHAONLY\train\CNV\ea23f14e__CNV-5603164-117.jpeg,D:\AIUB\DSP\Code\Datasets\ZhangLabData\OCT2017_CLEAN_SHAONLY\train\CNV\c6cb0e59__CNV-5603164-120.jpeg;D:\AIUB\DSP\Code\Datasets\ZhangLabData\OCT2017_CLEAN_SHAONLY\train\CNV\ea23f14e__CNV-5603164-117.jpeg,train,0
visual_phash,800034b6684acb4939ddf4ba567bf5dea4a5b0a593954e166c6a4b4bda2db4b5,D:\AIUB\DSP\Code\Datasets\ZhangLabData\OCT2017_CLEAN_SHAONLY\train\CNV\d382acdd__CNV-6215140-139.jpeg,1,D:\AIUB\DSP\Code\Datasets\ZhangLabData\OCT2017_CLEAN_SHAONLY\train\CNV\f9c48143__CNV-6215140-140.jpeg,D:\AIUB\DSP\Code\Datasets\ZhangLabData\OCT2017_CLEAN_SHAONLY\train\CNV\d382acdd__CNV-6215140-139.jpeg;D:\AIUB\DSP\Code\Datasets\ZhangLabData\OCT2017_CLEAN_SHAONLY\train\CNV\f9c48143__CNV-6215140-140.jpeg,train,0
visual_phash,a45da55f2da259a4da6de259e39939c61cd28632e12ce1ad49eb5ac33ad0be90,D:\AIUB\DSP\Code\Datasets\ZhangLabData\OCT2017_CLEAN_SHAONLY\train\CNV\d9530e27__CNV-5426500-6.jpeg,1,D:\AIUB\DSP\Code\Datasets\ZhangLabData\OCT2017_CLEAN_SHAONLY\train\DME\562afe4a__DME-5426500-1.jpeg,D:\AIUB\DSP\Code\Datasets\ZhangLabData\OCT2017_CLEAN_SHAONLY\train\CNV\d9530e27__CNV-5426500-6.jpeg;D:\AIUB\DSP\Code\Datasets\ZhangLabData\OCT2017_CLEAN_SHAONLY\train\DME\562afe4a__DME-5426500-1.jpeg,train,0
visual_phash,f555fe790faa83d680517028782cdfd6a7d707af90f060f0681fd80f960337c1,D:\AIUB\DSP\Code\Datasets\ZhangLabData\OCT2017_CLEAN_SHAONLY\train\CNV\dfba65c3__CNV-137351-122.jpeg,1,D:\AIUB\DSP\Code\Datasets\ZhangLabData\OCT2017_CLEAN_SHAONLY\train\CNV\f12a1849__CNV-137351-128.jpeg,D:\AIUB\DSP\Code\Datasets\ZhangLabData\OCT2017_CLEAN_SHAONLY\train\CNV\dfba65c3__CNV-137351-122.jpeg;D:\AIUB\DSP\Code\Datasets\ZhangLabData\OCT2017_CLEAN_SHAONLY\train\CNV\f12a1849__CNV-137351-128.jpeg,train,0
visual_phash,f555ef550aaa10aac420ef187fdf18f500a76229fd2add4a07561ab538ad646b,D:\AIUB\DSP\Code\Datasets\ZhangLabData\OCT2017_CLEAN_SHAONLY\train\CNV\ef2d632a__CNV-7513011-65.jpeg,1,D:\AIUB\DSP\Code\Datasets\ZhangLabData\OCT2017_CLEAN_SHAONLY\train\CNV\fe5feb5a__CNV-7513011-66.jpeg,D:\AIUB\DSP\Code\Datasets\ZhangLabData\OCT2017_CLEAN_SHAONLY\train\CNV\ef2d632a__CNV-7513011-65.jpeg;D:\AIUB\DSP\Code\Datasets\ZhangLabData\OCT2017_CLEAN_SHAONLY\train\CNV\fe5feb5a__CNV-7513011-66.jpeg,train,0
visual_phash,bfffd800aeee4e2a862a7221b70177a597076912d9183d98dd8c2fcc4bccb2c4,D:\AIUB\DSP\Code\Datasets\ZhangLabData\OCT2017_CLEAN_SHAONLY\train\CNV\f2b3b603__CNV-4731487-8.jpeg,1,D:\AIUB\DSP\Code\Datasets\ZhangLabData\OCT2017_CLEAN_SHAONLY\train\DME\c38447dd__DME-4731487-4.jpeg,D:\AIUB\DSP\Code\Datasets\ZhangLabData\OCT2017_CLEAN_SHAONLY\train\CNV\f2b3b603__CNV-4731487-8.jpeg;D:\AIUB\DSP\Code\Datasets\ZhangLabData\OCT2017_CLEAN_SHAONLY\train\DME\c38447dd__DME-4731487-4.jpeg,train,0
visual_phash,c00078003fffc06778003f9383fdc1efc5b331ed3800cfb2a7fd38ff4c1f8740,D:\AIUB\DSP\Code\Datasets\ZhangLabData\OCT2017_CLEAN_SHAONLY\train\CNV\f5a3ede6__CNV-9997680-260.jpeg,1,D:\AIUB\DSP\Code\Datasets\ZhangLabData\OCT2017_CLEAN_SHAONLY\train\CNV\fff0d075__CNV-9997680-258.jpeg,D:\AIUB\DSP\Code\Datasets\ZhangLabData\OCT2017_CLEAN_SHAONLY\train\CNV\f5a3ede6__CNV-9997680-260.jpeg;D:\AIUB\DSP\Code\Datasets\ZhangLabData\OCT2017_CLEAN_SHAONLY\train\CNV\fff0d075__CNV-9997680-258.jpeg,train,0
visual_phash,e0002aff1f9bd401a3740bbefa81f7628d7e38916f81ca6e909e35a9cf2bc056,D:\AIUB\DSP\Code\Datasets\ZhangLabData\OCT2017_CLEAN_SHAONLY\train\DME\00a864ec__DME-8847144-6.jpeg,1,D:\AIUB\DSP\Code\Datasets\ZhangLabData\OCT2017_CLEAN_SHAONLY\train\DME\6b88da12__DME-8847144-8.jpeg,D:\AIUB\DSP\Code\Datasets\ZhangLabData\OCT2017_CLEAN_SHAONLY\train\DME\00a864ec__DME-8847144-6.jpeg;D:\AIUB\DSP\Code\Datasets\ZhangLabData\OCT2017_CLEAN_SHAONLY\train\DME\6b88da12__DME-8847144-8.jpeg,train,0
visual_phash,a751af352aee58ced1bbd523b7412f540b5428d760cdeb8aca2a9ea116a934aa,D:\AIUB\DSP\Code\Datasets\ZhangLabData\OCT2017_CLEAN_SHAONLY\train\DME\02467a5a__DME-9540117-1.jpeg,1,D:\AIUB\DSP\Code\Datasets\ZhangLabData\OCT2017_CLEAN_SHAONLY\train\DME\8e936e14__DME-9540117-2.jpeg,D:\AIUB\DSP\Code\Datasets\ZhangLabData\OCT2017_CLEAN_SHAONLY\train\DME\02467a5a__DME-9540117-1.jpeg;D:\AIUB\DSP\Code\Datasets\ZhangLabData\OCT2017_CLEAN_SHAONLY\train\DME\8e936e14__DME-9540117-2.jpeg,train,0
visual_phash,d555f9557aaa1fab85558355c046cc83678972e898729c1eef0f6b0573c196e0,D:\AIUB\DSP\Code\Datasets\ZhangLabData\OCT2017_CLEAN_SHAONLY\train\DME\03375004__DME-5489583-12.jpeg,1,D:\AIUB\DSP\Code\Datasets\ZhangLabData\OCT2017_CLEAN_SHAONLY\train\DME\e50af99b__DME-5489583-14.jpeg,D:\AIUB\DSP\Code\Datasets\ZhangLabData\OCT2017_CLEAN_SHAONLY\train\DME\03375004__DME-5489583-12.jpeg;D:\AIUB\DSP\Code\Datasets\ZhangLabData\OCT2017_CLEAN_SHAONLY\train\DME\e50af99b__DME-5489583-14.jpeg,train,0
visual_phash,d7152ffe48ccd688b73729ffc84cd3a31737080438c8657bcb133ac424aec52b,D:\AIUB\DSP\Code\Datasets\ZhangLabData\OCT2017_CLEAN_SHAONLY\train\DME\07285b69__DME-8729675-35.jpeg,1,D:\AIUB\DSP\Code\Datasets\ZhangLabData\OCT2017_CLEAN_SHAONLY\train\NORMAL\c3114f22__NORMAL-8729675-24.jpeg,D:\AIUB\DSP\Code\Datasets\ZhangLabData\OCT2017_CLEAN_SHAONLY\train\DME\07285b69__DME-8729675-35.jpeg;D:\AIUB\DSP\Code\Datasets\ZhangLabData\OCT2017_CLEAN_SHAONLY\train\NORMAL\c3114f22__NORMAL-8729675-24.jpeg,train,0
visual_phash,9555ad556aa96aad4aaa12aa96aad4aa9caa99ca25ca255e6d587b719a519ad5,D:\AIUB\DSP\Code\Datasets\ZhangLabData\OCT2017_CLEAN_SHAONLY\train\DME\079f294f__DME-7706610-5.jpeg,1,D:\AIUB\DSP\Code\Datasets\ZhangLabData\OCT2017_CLEAN_SHAONLY\train\DME\fefb6670__DME-7706610-6.jpeg,D:\AIUB\DSP\Code\Datasets\ZhangLabData\OCT2017_CLEAN_SHAONLY\train\DME\079f294f__DME-7706610-5.jpeg;D:\AIUB\DSP\Code\Datasets\ZhangLabData\OCT2017_CLEAN_SHAONLY\train\DME\fefb6670__DME-7706610-6.jpeg,train,0
visual_phash,b555ad552bd54a80d2aa56af17aa35aa754a6d0acd22d37d324b3cd28d96e324,D:\AIUB\DSP\Code\Datasets\ZhangLabData\OCT2017_CLEAN_SHAONLY\train\DME\09b8209c__DME-8019418-40.jpeg,1,D:\AIUB\DSP\Code\Datasets\ZhangLabData\OCT2017_CLEAN_SHAONLY\train\DME\f5e8f8a9__DME-8019418-39.jpeg,D:\AIUB\DSP\Code\Datasets\ZhangLabData\OCT2017_CLEAN_SHAONLY\train\DME\09b8209c__DME-8019418-40.jpeg;D:\AIUB\DSP\Code\Datasets\ZhangLabData\OCT2017_CLEAN_SHAONLY\train\DME\f5e8f8a9__DME-8019418-39.jpeg,train,0
visual_phash,8f55288742aad66bb557ad542a75cae199ae533a6cc3ec9c93219b4b64d264a6,D:\AIUB\DSP\Code\Datasets\ZhangLabData\OCT2017_CLEAN_SHAONLY\train\DME\15e27951__DME-670450-4.jpeg,1,D:\AIUB\DSP\Code\Datasets\ZhangLabData\OCT2017_CLEAN_SHAONLY\train\DME\42132459__DME-670450-5.jpeg,D:\AIUB\DSP\Code\Datasets\ZhangLabData\OCT2017_CLEAN_SHAONLY\train\DME\15e27951__DME-670450-4.jpeg;D:\AIUB\DSP\Code\Datasets\ZhangLabData\OCT2017_CLEAN_SHAONLY\train\DME\42132459__DME-670450-5.jpeg,train,0
visual_phash,f7553f80488ed184b7712a7e488cd4dfb7732b201aec34cfe500cb3612ff344a,D:\AIUB\DSP\Code\Datasets\ZhangLabData\OCT2017_CLEAN_SHAONLY\train\DME\1ba5a334__DME-8605472-5.jpeg,1,D:\AIUB\DSP\Code\Datasets\ZhangLabData\OCT2017_CLEAN_SHAONLY\train\NORMAL\a2a0d28d__NORMAL-8605472-20.jpeg,D:\AIUB\DSP\Code\Datasets\ZhangLabData\OCT2017_CLEAN_SHAONLY\train\DME\1ba5a334__DME-8605472-5.jpeg;D:\AIUB\DSP\Code\Datasets\ZhangLabData\OCT2017_CLEAN_SHAONLY\train\NORMAL\a2a0d28d__NORMAL-8605472-20.jpeg,train,0
visual_phash,d555f9557aaa1fab85558175c046c983678972e898729c1eef0f6b0573c196e0,D:\AIUB\DSP\Code\Datasets\ZhangLabData\OCT2017_CLEAN_SHAONLY\train\DME\1c72bddc__DME-5489583-5.jpeg,1,D:\AIUB\DSP\Code\Datasets\ZhangLabData\OCT2017_CLEAN_SHAONLY\train\DME\e9fdb626__DME-5489583-8.jpeg,D:\AIUB\DSP\Code\Datasets\ZhangLabData\OCT2017_CLEAN_SHAONLY\train\DME\1c72bddc__DME-5489583-5.jpeg;D:\AIUB\DSP\Code\Datasets\ZhangLabData\OCT2017_CLEAN_SHAONLY\train\DME\e9fdb626__DME-5489583-8.jpeg,train,0
visual_phash,f555a9552bc4ca00d2bf17af15a8f40ac57a8fff336c3248ced2c1b630651e49,D:\AIUB\DSP\Code\Datasets\ZhangLabData\OCT2017_CLEAN_SHAONLY\train\DME\21b88d9b__DME-8019418-67.jpeg,1,D:\AIUB\DSP\Code\Datasets\ZhangLabData\OCT2017_CLEAN_SHAONLY\train\DME\70ea59bb__DME-8019418-66.jpeg,D:\AIUB\DSP\Code\Datasets\ZhangLabData\OCT2017_CLEAN_SHAONLY\train\DME\21b88d9b__DME-8019418-67.jpeg;D:\AIUB\DSP\Code\Datasets\ZhangLabData\OCT2017_CLEAN_SHAONLY\train\DME\70ea59bb__DME-8019418-66.jpeg,train,0
visual_phash,b4557fea09bb8015fe447e6b1fbb819c604056464df66910b615deef49fa2111,D:\AIUB\DSP\Code\Datasets\ZhangLabData\OCT2017_CLEAN_SHAONLY\train\DME\28eb9fd4__DME-9598730-1.jpeg,1,D:\AIUB\DSP\Code\Datasets\ZhangLabData\OCT2017_CLEAN_SHAONLY\train\NORMAL\c72b6e9b__NORMAL-9598730-6.jpeg,D:\AIUB\DSP\Code\Datasets\ZhangLabData\OCT2017_CLEAN_SHAONLY\train\DME\28eb9fd4__DME-9598730-1.jpeg;D:\AIUB\DSP\Code\Datasets\ZhangLabData\OCT2017_CLEAN_SHAONLY\train\NORMAL\c72b6e9b__NORMAL-9598730-6.jpeg,train,0
visual_phash,82aaf1557eaaddc2c751f211f038e12fdcc7dec4df00c329a01dacd4fc64de20,D:\AIUB\DSP\Code\Datasets\ZhangLabData\OCT2017_CLEAN_SHAONLY\train\DME\2d9e711d__DME-4989358-4.jpeg,1,D:\AIUB\DSP\Code\Datasets\ZhangLabData\OCT2017_CLEAN_SHAONLY\train\DME\8bf0d59f__DME-4989358-3.jpeg,D:\AIUB\DSP\Code\Datasets\ZhangLabData\OCT2017_CLEAN_SHAONLY\train\DME\2d9e711d__DME-4989358-4.jpeg;D:\AIUB\DSP\Code\Datasets\ZhangLabData\OCT2017_CLEAN_SHAONLY\train\DME\8bf0d59f__DME-4989358-3.jpeg,train,0
visual_phash,e22af28c9c9bdd5df362908f8df9ae709226819da8d83e768765628838920df7,D:\AIUB\DSP\Code\Datasets\ZhangLabData\OCT2017_CLEAN_SHAONLY\train\DME\37c649d0__DME-3712405-52.jpeg,1,D:\AIUB\DSP\Code\Datasets\ZhangLabData\OCT2017_CLEAN_SHAONLY\train\NORMAL\60976bba__NORMAL-3712405-24.jpeg,D:\AIUB\DSP\Code\Datasets\ZhangLabData\OCT2017_CLEAN_SHAONLY\train\DME\37c649d0__DME-3712405-52.jpeg;D:\AIUB\DSP\Code\Datasets\ZhangLabData\OCT2017_CLEAN_SHAONLY\train\NORMAL\60976bba__NORMAL-3712405-24.jpeg,train,0
visual_phash,ffffd8895baaf034e434ef89d84bd894fb24f324e464c419ce09dac098e49126,D:\AIUB\DSP\Code\Datasets\ZhangLabData\OCT2017_CLEAN_SHAONLY\train\DME\3e5bc69a__DME-4967228-40.jpeg,1,D:\AIUB\DSP\Code\Datasets\ZhangLabData\OCT2017_CLEAN_SHAONLY\train\DME\42aa6917__DME-4967228-39.jpeg,D:\AIUB\DSP\Code\Datasets\ZhangLabData\OCT2017_CLEAN_SHAONLY\train\DME\3e5bc69a__DME-4967228-40.jpeg;D:\AIUB\DSP\Code\Datasets\ZhangLabData\OCT2017_CLEAN_SHAONLY\train\DME\42aa6917__DME-4967228-39.jpeg,train,0
visual_phash,a65186510a7f3aef78a659c659ce518c318c679967996f196e39683162f942e9,D:\AIUB\DSP\Code\Datasets\ZhangLabData\OCT2017_CLEAN_SHAONLY\train\DME\44e7f391__DME-4336607-48.jpeg,1,D:\AIUB\DSP\Code\Datasets\ZhangLabData\OCT2017_CLEAN_SHAONLY\train\DME\5a942ca6__DME-4336607-49.jpeg,D:\AIUB\DSP\Code\Datasets\ZhangLabData\OCT2017_CLEAN_SHAONLY\train\DME\44e7f391__DME-4336607-48.jpeg;D:\AIUB\DSP\Code\Datasets\ZhangLabData\OCT2017_CLEAN_SHAONLY\train\DME\5a942ca6__DME-4336607-49.jpeg,train,0
visual_phash,c50584271cfe5dbfdc008235623f539c5fdd0ddc3f10f200c06bc3fe2fdc3e80,D:\AIUB\DSP\Code\Datasets\ZhangLabData\OCT2017_CLEAN_SHAONLY\train\DME\4788462f__DME-4989358-30.jpeg,1,D:\AIUB\DSP\Code\Datasets\ZhangLabData\OCT2017_CLEAN_SHAONLY\train\DME\70bc017b__DME-4989358-29.jpeg,D:\AIUB\DSP\Code\Datasets\ZhangLabData\OCT2017_CLEAN_SHAONLY\train\DME\4788462f__DME-4989358-30.jpeg;D:\AIUB\DSP\Code\Datasets\ZhangLabData\OCT2017_CLEAN_SHAONLY\train\DME\70bc017b__DME-4989358-29.jpeg,train,0
visual_phash,8751a73128ac788cd8c897f2a73787379a2938a874ee25e38d039b17fa5cc2bc,D:\AIUB\DSP\Code\Datasets\ZhangLabData\OCT2017_CLEAN_SHAONLY\train\DME\4d53da1d__DME-5171738-46.jpeg,1,D:\AIUB\DSP\Code\Datasets\ZhangLabData\OCT2017_CLEAN_SHAONLY\train\DME\a8523d1b__DME-5171738-47.jpeg,D:\AIUB\DSP\Code\Datasets\ZhangLabData\OCT2017_CLEAN_SHAONLY\train\DME\4d53da1d__DME-5171738-46.jpeg;D:\AIUB\DSP\Code\Datasets\ZhangLabData\OCT2017_CLEAN_SHAONLY\train\DME\a8523d1b__DME-5171738-47.jpeg,train,0
visual_phash,a775aa232aaa68aa748cf54cb76a8772cd5358557cd56985d18c95ccb7582750,D:\AIUB\DSP\Code\Datasets\ZhangLabData\OCT2017_CLEAN_SHAONLY\train\DME\4f487f57__DME-4468878-1.jpeg,1,D:\AIUB\DSP\Code\Datasets\ZhangLabData\OCT2017_CLEAN_SHAONLY\train\DME\9241a66e__DME-4468878-2.jpeg,D:\AIUB\DSP\Code\Datasets\ZhangLabData\OCT2017_CLEAN_SHAONLY\train\DME\4f487f57__DME-4468878-1.jpeg;D:\AIUB\DSP\Code\Datasets\ZhangLabData\OCT2017_CLEAN_SHAONLY\train\DME\9241a66e__DME-4468878-2.jpeg,train,0
visual_phash,8155a27f7f88cc8c807f33323e4c4dc8c9b3623793fe1ec83c09e037cbf61788,D:\AIUB\DSP\Code\Datasets\ZhangLabData\OCT2017_CLEAN_SHAONLY\train\DME\55576b57__DME-8056259-14.jpeg,1,D:\AIUB\DSP\Code\Datasets\ZhangLabData\OCT2017_CLEAN_SHAONLY\train\NORMAL\267676de__NORMAL-8056259-15.jpeg,D:\AIUB\DSP\Code\Datasets\ZhangLabData\OCT2017_CLEAN_SHAONLY\train\DME\55576b57__DME-8056259-14.jpeg;D:\AIUB\DSP\Code\Datasets\ZhangLabData\OCT2017_CLEAN_SHAONLY\train\NORMAL\267676de__NORMAL-8056259-15.jpeg,train,0
visual_phash,804580440fff7fffdc01880128fd62ffd227c7e10fd83e043e0f907f807e87f4,D:\AIUB\DSP\Code\Datasets\ZhangLabData\OCT2017_CLEAN_SHAONLY\train\DME\58c4d3d8__DME-4989358-13.jpeg,1,D:\AIUB\DSP\Code\Datasets\ZhangLabData\OCT2017_CLEAN_SHAONLY\train\NORMAL\aa5d89d2__NORMAL-4989358-3.jpeg,D:\AIUB\DSP\Code\Datasets\ZhangLabData\OCT2017_CLEAN_SHAONLY\train\DME\58c4d3d8__DME-4989358-13.jpeg;D:\AIUB\DSP\Code\Datasets\ZhangLabData\OCT2017_CLEAN_SHAONLY\train\NORMAL\aa5d89d2__NORMAL-4989358-3.jpeg,train,0
visual_phash,e51de03918e69f46c71860bc78e69e43871967dcf0efd8231e08079da1f7e862,D:\AIUB\DSP\Code\Datasets\ZhangLabData\OCT2017_CLEAN_SHAONLY\train\DME\5992025c__DME-7950284-1.jpeg,1,D:\AIUB\DSP\Code\Datasets\ZhangLabData\OCT2017_CLEAN_SHAONLY\train\DME\9fc59063__DME-7950284-2.jpeg,D:\AIUB\DSP\Code\Datasets\ZhangLabData\OCT2017_CLEAN_SHAONLY\train\DME\5992025c__DME-7950284-1.jpeg;D:\AIUB\DSP\Code\Datasets\ZhangLabData\OCT2017_CLEAN_SHAONLY\train\DME\9fc59063__DME-7950284-2.jpeg,train,0
visual_phash,a341a3754ebe5c8a9040b960a77763f743a859885c4f1c768371a31f6a8d7fe8,D:\AIUB\DSP\Code\Datasets\ZhangLabData\OCT2017_CLEAN_SHAONLY\train\DME\5a01a352__DME-4989358-32.jpeg,1,D:\AIUB\DSP\Code\Datasets\ZhangLabData\OCT2017_CLEAN_SHAONLY\train\DME\81a4cebd__DME-4989358-31.jpeg,D:\AIUB\DSP\Code\Datasets\ZhangLabData\OCT2017_CLEAN_SHAONLY\train\DME\5a01a352__DME-4989358-32.jpeg;D:\AIUB\DSP\Code\Datasets\ZhangLabData\OCT2017_CLEAN_SHAONLY\train\DME\81a4cebd__DME-4989358-31.jpeg,train,0
visual_phash,f315ffb37efa17dc838443334033dc1bac4d33c4392638126f01d7c097e0a8fc,D:\AIUB\DSP\Code\Datasets\ZhangLabData\OCT2017_CLEAN_SHAONLY\train\DME\5c40cd11__DME-4336607-78.jpeg,1,D:\AIUB\DSP\Code\Datasets\ZhangLabData\OCT2017_CLEAN_SHAONLY\train\DME\9ac9c1aa__DME-4336607-77.jpeg,D:\AIUB\DSP\Code\Datasets\ZhangLabData\OCT2017_CLEAN_SHAONLY\train\DME\5c40cd11__DME-4336607-78.jpeg;D:\AIUB\DSP\Code\Datasets\ZhangLabData\OCT2017_CLEAN_SHAONLY\train\DME\9ac9c1aa__DME-4336607-77.jpeg,train,0
visual_phash,b705b375abf92aff2aef08ae488a480a5c007c0074b064b3f4b3d5b3d5f395d2,D:\AIUB\DSP\Code\Datasets\ZhangLabData\OCT2017_CLEAN_SHAONLY\train\DME\5f5a5f56__DME-5313093-56.jpeg,1,D:\AIUB\DSP\Code\Datasets\ZhangLabData\OCT2017_CLEAN_SHAONLY\train\DME\77e1978e__DME-5313093-63.jpeg,D:\AIUB\DSP\Code\Datasets\ZhangLabData\OCT2017_CLEAN_SHAONLY\train\DME\5f5a5f56__DME-5313093-56.jpeg;D:\AIUB\DSP\Code\Datasets\ZhangLabData\OCT2017_CLEAN_SHAONLY\train\DME\77e1978e__DME-5313093-63.jpeg,train,0
visual_phash,a2aaa755998a88558445f72eb7b78cd5c800d123d773c6c8c188f8c3fe74cef8,D:\AIUB\DSP\Code\Datasets\ZhangLabData\OCT2017_CLEAN_SHAONLY\train\DME\652dd083__DME-8729675-12.jpeg,1,D:\AIUB\DSP\Code\Datasets\ZhangLabData\OCT2017_CLEAN_SHAONLY\val\NORMAL\7fed9591__NORMAL-8729675-21.jpeg,D:\AIUB\DSP\Code\Datasets\ZhangLabData\OCT2017_CLEAN_SHAONLY\train\DME\652dd083__DME-8729675-12.jpeg;D:\AIUB\DSP\Code\Datasets\ZhangLabData\OCT2017_CLEAN_SHAONLY\val\NORMAL\7fed9591__NORMAL-8729675-21.jpeg,"train,val",1
visual_phash,e105f2003ddc1dfd8ee74263e010f98c70fe38773c27ae00c78053f029ffa47f,D:\AIUB\DSP\Code\Datasets\ZhangLabData\OCT2017_CLEAN_SHAONLY\train\DME\671919aa__DME-4989358-34.jpeg,1,D:\AIUB\DSP\Code\Datasets\ZhangLabData\OCT2017_CLEAN_SHAONLY\train\DME\cd848771__DME-4989358-33.jpeg,D:\AIUB\DSP\Code\Datasets\ZhangLabData\OCT2017_CLEAN_SHAONLY\train\DME\671919aa__DME-4989358-34.jpeg;D:\AIUB\DSP\Code\Datasets\ZhangLabData\OCT2017_CLEAN_SHAONLY\train\DME\cd848771__DME-4989358-33.jpeg,train,0
visual_phash,a2aa95550aea8dcc833da33382ea84ec8cdd8f19837b917794c70ccccbbad731,D:\AIUB\DSP\Code\Datasets\ZhangLabData\OCT2017_CLEAN_SHAONLY\train\DME\6c2c770a__DME-4967228-25.jpeg,1,D:\AIUB\DSP\Code\Datasets\ZhangLabData\OCT2017_CLEAN_SHAONLY\train\DME\9f44d0fc__DME-4967228-26.jpeg,D:\AIUB\DSP\Code\Datasets\ZhangLabData\OCT2017_CLEAN_SHAONLY\train\DME\6c2c770a__DME-4967228-25.jpeg;D:\AIUB\DSP\Code\Datasets\ZhangLabData\OCT2017_CLEAN_SHAONLY\train\DME\9f44d0fc__DME-4967228-26.jpeg,train,0
visual_phash,8001ba756aaa4088dd9b9532b166a74d8f5d6c5964f36db61b349a64b66db4e9,D:\AIUB\DSP\Code\Datasets\ZhangLabData\OCT2017_CLEAN_SHAONLY\train\DME\770dd839__DME-7837305-59.jpeg,1,D:\AIUB\DSP\Code\Datasets\ZhangLabData\OCT2017_CLEAN_SHAONLY\train\DME\f64c537d__DME-7837305-60.jpeg,D:\AIUB\DSP\Code\Datasets\ZhangLabData\OCT2017_CLEAN_SHAONLY\train\DME\770dd839__DME-7837305-59.jpeg;D:\AIUB\DSP\Code\Datasets\ZhangLabData\OCT2017_CLEAN_SHAONLY\train\DME\f64c537d__DME-7837305-60.jpeg,train,0
visual_phash,d555f9557aaa1fab85558355c042cd83678972e898729c1eef0f6b0573c196e0,D:\AIUB\DSP\Code\Datasets\ZhangLabData\OCT2017_CLEAN_SHAONLY\train\DME\78f6f4bf__DME-5489583-10.jpeg,1,D:\AIUB\DSP\Code\Datasets\ZhangLabData\OCT2017_CLEAN_SHAONLY\train\DME\7e7fbd5a__DME-5489583-11.jpeg,D:\AIUB\DSP\Code\Datasets\ZhangLabData\OCT2017_CLEAN_SHAONLY\train\DME\78f6f4bf__DME-5489583-10.jpeg;D:\AIUB\DSP\Code\Datasets\ZhangLabData\OCT2017_CLEAN_SHAONLY\train\DME\7e7fbd5a__DME-5489583-11.jpeg,train,0
visual_phash,955585543eff788a408a578b3728a6718c7798e799c6938eb7882c1869796b75,D:\AIUB\DSP\Code\Datasets\ZhangLabData\OCT2017_CLEAN_SHAONLY\train\DME\7b6669fa__DME-4336607-51.jpeg,1,D:\AIUB\DSP\Code\Datasets\ZhangLabData\OCT2017_CLEAN_SHAONLY\train\DME\ce3d5aba__DME-4336607-50.jpeg,D:\AIUB\DSP\Code\Datasets\ZhangLabData\OCT2017_CLEAN_SHAONLY\train\DME\7b6669fa__DME-4336607-51.jpeg;D:\AIUB\DSP\Code\Datasets\ZhangLabData\OCT2017_CLEAN_SHAONLY\train\DME\ce3d5aba__DME-4336607-50.jpeg,train,0
visual_phash,f555f5557afc1eae0eae97aa17aa85a885ea217e285f98159a15368537809da0,D:\AIUB\DSP\Code\Datasets\ZhangLabData\OCT2017_CLEAN_SHAONLY\train\DME\7bc81ce5__DME-7763916-134.jpeg,1,D:\AIUB\DSP\Code\Datasets\ZhangLabData\OCT2017_CLEAN_SHAONLY\train\DME\f6b25a02__DME-7763916-135.jpeg,D:\AIUB\DSP\Code\Datasets\ZhangLabData\OCT2017_CLEAN_SHAONLY\train\DME\7bc81ce5__DME-7763916-134.jpeg;D:\AIUB\DSP\Code\Datasets\ZhangLabData\OCT2017_CLEAN_SHAONLY\train\DME\f6b25a02__DME-7763916-135.jpeg,train,0
visual_phash,ae552ad55eaad56a25510bd5f2a7f428155b75c6cc089bf1329584a5c96a7a5a,D:\AIUB\DSP\Code\Datasets\ZhangLabData\OCT2017_CLEAN_SHAONLY\train\DME\7d972694__DME-9997680-15.jpeg,1,D:\AIUB\DSP\Code\Datasets\ZhangLabData\OCT2017_CLEAN_SHAONLY\train\CNV\7ef1d2ae__CNV-9997680-138.jpeg,D:\AIUB\DSP\Code\Datasets\ZhangLabData\OCT2017_CLEAN_SHAONLY\train\DME\7d972694__DME-9997680-15.jpeg;D:\AIUB\DSP\Code\Datasets\ZhangLabData\OCT2017_CLEAN_SHAONLY\train\CNV\7ef1d2ae__CNV-9997680-138.jpeg,train,0
visual_phash,bfff80009bdf894f8420a620f6bbd01dc90cc9c1df63d632c430608979cf7d77,D:\AIUB\DSP\Code\Datasets\ZhangLabData\OCT2017_CLEAN_SHAONLY\train\DME\82ce5060__DME-4030787-69.jpeg,1,D:\AIUB\DSP\Code\Datasets\ZhangLabData\OCT2017_CLEAN_SHAONLY\train\NORMAL\9688f62d__NORMAL-4030787-53.jpeg,D:\AIUB\DSP\Code\Datasets\ZhangLabData\OCT2017_CLEAN_SHAONLY\train\DME\82ce5060__DME-4030787-69.jpeg;D:\AIUB\DSP\Code\Datasets\ZhangLabData\OCT2017_CLEAN_SHAONLY\train\NORMAL\9688f62d__NORMAL-4030787-53.jpeg,train,0
visual_phash,d711bf7608eed088f7332f7708ccd880f7b18737980e35c8cd7bca1332a435a8,D:\AIUB\DSP\Code\Datasets\ZhangLabData\OCT2017_CLEAN_SHAONLY\train\DME\8802ae17__DME-8729675-34.jpeg,1,D:\AIUB\DSP\Code\Datasets\ZhangLabData\OCT2017_CLEAN_SHAONLY\train\NORMAL\bffb54b7__NORMAL-8729675-23.jpeg,D:\AIUB\DSP\Code\Datasets\ZhangLabData\OCT2017_CLEAN_SHAONLY\train\DME\8802ae17__DME-8729675-34.jpeg;D:\AIUB\DSP\Code\Datasets\ZhangLabData\OCT2017_CLEAN_SHAONLY\train\NORMAL\bffb54b7__NORMAL-8729675-23.jpeg,train,0
visual_phash,8555ad557aaa12ab9395ed55ec5c2cc429c66953523312a995aaad7aec547a55,D:\AIUB\DSP\Code\Datasets\ZhangLabData\OCT2017_CLEAN_SHAONLY\train\DME\90153249__DME-7585537-6.jpeg,1,D:\AIUB\DSP\Code\Datasets\ZhangLabData\OCT2017_CLEAN_SHAONLY\train\CNV\6800b3ff__CNV-7585537-22.jpeg,D:\AIUB\DSP\Code\Datasets\ZhangLabData\OCT2017_CLEAN_SHAONLY\train\DME\90153249__DME-7585537-6.jpeg;D:\AIUB\DSP\Code\Datasets\ZhangLabData\OCT2017_CLEAN_SHAONLY\train\CNV\6800b3ff__CNV-7585537-22.jpeg,train,0
visual_phash,b755ec73588a92ccb334ed334cc310cc318cb332ef734cf350eeb14cab144fb0,D:\AIUB\DSP\Code\Datasets\ZhangLabData\OCT2017_CLEAN_SHAONLY\train\DME\9896db04__DME-4863870-3.jpeg,1,D:\AIUB\DSP\Code\Datasets\ZhangLabData\OCT2017_CLEAN_SHAONLY\train\DME\b40a44df__DME-4863870-4.jpeg,D:\AIUB\DSP\Code\Datasets\ZhangLabData\OCT2017_CLEAN_SHAONLY\train\DME\9896db04__DME-4863870-3.jpeg;D:\AIUB\DSP\Code\Datasets\ZhangLabData\OCT2017_CLEAN_SHAONLY\train\DME\b40a44df__DME-4863870-4.jpeg,train,0
visual_phash,955585553eff788a408a578b3628a6718c7798e799c6938eb7882c1869796b75,D:\AIUB\DSP\Code\Datasets\ZhangLabData\OCT2017_CLEAN_SHAONLY\train\DME\bd7eaf17__DME-4336607-53.jpeg,1,D:\AIUB\DSP\Code\Datasets\ZhangLabData\OCT2017_CLEAN_SHAONLY\train\DME\d5a37a12__DME-4336607-52.jpeg,D:\AIUB\DSP\Code\Datasets\ZhangLabData\OCT2017_CLEAN_SHAONLY\train\DME\bd7eaf17__DME-4336607-53.jpeg;D:\AIUB\DSP\Code\Datasets\ZhangLabData\OCT2017_CLEAN_SHAONLY\train\DME\d5a37a12__DME-4336607-52.jpeg,train,0
visual_phash,d50a6aa52b54952ac2b5e95a3dea06a56237b97a9c69cf8d6186b0721e7b0f29,D:\AIUB\DSP\Code\Datasets\ZhangLabData\OCT2017_CLEAN_SHAONLY\train\DME\bec7f7ba__DME-3531101-22.jpeg,1,D:\AIUB\DSP\Code\Datasets\ZhangLabData\OCT2017_CLEAN_SHAONLY\train\DME\cf7e7e38__DME-3531101-23.jpeg,D:\AIUB\DSP\Code\Datasets\ZhangLabData\OCT2017_CLEAN_SHAONLY\train\DME\bec7f7ba__DME-3531101-22.jpeg;D:\AIUB\DSP\Code\Datasets\ZhangLabData\OCT2017_CLEAN_SHAONLY\train\DME\cf7e7e38__DME-3531101-23.jpeg,train,0
visual_phash,bd55bf572aae40aad000b4003d562fdf8bfd82f52236ca28d8a835aa65fa457e,D:\AIUB\DSP\Code\Datasets\ZhangLabData\OCT2017_CLEAN_SHAONLY\train\DME\bf3e55db__DME-9237838-2.jpeg,1,D:\AIUB\DSP\Code\Datasets\ZhangLabData\OCT2017_CLEAN_SHAONLY\train\NORMAL\831f1614__NORMAL-9237838-13.jpeg,D:\AIUB\DSP\Code\Datasets\ZhangLabData\OCT2017_CLEAN_SHAONLY\train\DME\bf3e55db__DME-9237838-2.jpeg;D:\AIUB\DSP\Code\Datasets\ZhangLabData\OCT2017_CLEAN_SHAONLY\train\NORMAL\831f1614__NORMAL-9237838-13.jpeg,train,0
visual_phash,b555aa552a984888d56ab566b7572fd508dd28bd6ab3c2a3d2a9b4aa35aa4d52,D:\AIUB\DSP\Code\Datasets\ZhangLabData\OCT2017_CLEAN_SHAONLY\train\DME\c31b852b__DME-9997680-4.jpeg,1,D:\AIUB\DSP\Code\Datasets\ZhangLabData\OCT2017_CLEAN_SHAONLY\train\CNV\80a7885b__CNV-9997680-53.jpeg,D:\AIUB\DSP\Code\Datasets\ZhangLabData\OCT2017_CLEAN_SHAONLY\train\DME\c31b852b__DME-9997680-4.jpeg;D:\AIUB\DSP\Code\Datasets\ZhangLabData\OCT2017_CLEAN_SHAONLY\train\CNV\80a7885b__CNV-9997680-53.jpeg,train,0
visual_phash,f500f6007e887fe81ffa87fa87f4a4f4a0258a8b81db21f821fe087f082fda0f,D:\AIUB\DSP\Code\Datasets\ZhangLabData\OCT2017_CLEAN_SHAONLY\train\DME\cc0ffb33__DME-9997680-20.jpeg,1,D:\AIUB\DSP\Code\Datasets\ZhangLabData\OCT2017_CLEAN_SHAONLY\train\CNV\ee321a31__CNV-9997680-225.jpeg,D:\AIUB\DSP\Code\Datasets\ZhangLabData\OCT2017_CLEAN_SHAONLY\train\DME\cc0ffb33__DME-9997680-20.jpeg;D:\AIUB\DSP\Code\Datasets\ZhangLabData\OCT2017_CLEAN_SHAONLY\train\CNV\ee321a31__CNV-9997680-225.jpeg,train,0
visual_phash,e0222005fc017c899d55deaa3f77c76267f71fffcc9db61b4b09e3043dc024c0,D:\AIUB\DSP\Code\Datasets\ZhangLabData\OCT2017_CLEAN_SHAONLY\train\DME\cc62cea8__DME-4484249-2.jpeg,1,D:\AIUB\DSP\Code\Datasets\ZhangLabData\OCT2017_CLEAN_SHAONLY\train\DME\fc66d484__DME-4484249-1.jpeg,D:\AIUB\DSP\Code\Datasets\ZhangLabData\OCT2017_CLEAN_SHAONLY\train\DME\cc62cea8__DME-4484249-2.jpeg;D:\AIUB\DSP\Code\Datasets\ZhangLabData\OCT2017_CLEAN_SHAONLY\train\DME\fc66d484__DME-4484249-1.jpeg,train,0
visual_phash,955592a56a566d5ae5a996a112927356ab5d9b6959686d6d64b5c4959a921b5a,D:\AIUB\DSP\Code\Datasets\ZhangLabData\OCT2017_CLEAN_SHAONLY\train\DME\d10abec9__DME-4428613-5.jpeg,1,D:\AIUB\DSP\Code\Datasets\ZhangLabData\OCT2017_CLEAN_SHAONLY\train\DME\ff6ced57__DME-4428613-4.jpeg,D:\AIUB\DSP\Code\Datasets\ZhangLabData\OCT2017_CLEAN_SHAONLY\train\DME\d10abec9__DME-4428613-5.jpeg;D:\AIUB\DSP\Code\Datasets\ZhangLabData\OCT2017_CLEAN_SHAONLY\train\DME\ff6ced57__DME-4428613-4.jpeg,train,0
visual_phash,a5527575baab1aaa9fd50555d555a5357b35970507aac0aa208878889e551ff7,D:\AIUB\DSP\Code\Datasets\ZhangLabData\OCT2017_CLEAN_SHAONLY\train\DME\d49ac389__DME-4030787-32.jpeg,1,D:\AIUB\DSP\Code\Datasets\ZhangLabData\OCT2017_CLEAN_SHAONLY\train\NORMAL\435c89f2__NORMAL-4030787-5.jpeg,D:\AIUB\DSP\Code\Datasets\ZhangLabData\OCT2017_CLEAN_SHAONLY\train\DME\d49ac389__DME-4030787-32.jpeg;D:\AIUB\DSP\Code\Datasets\ZhangLabData\OCT2017_CLEAN_SHAONLY\train\NORMAL\435c89f2__NORMAL-4030787-5.jpeg,train,0
visual_phash,a300aa263ebf58c8d1c8c573a557a645feccf89c399b2af30ae782afd0aa740a,D:\AIUB\DSP\Code\Datasets\ZhangLabData\OCT2017_CLEAN_SHAONLY\train\DME\d7fa308a__DME-9997680-2.jpeg,1,D:\AIUB\DSP\Code\Datasets\ZhangLabData\OCT2017_CLEAN_SHAONLY\train\CNV\a1604212__CNV-9997680-27.jpeg,D:\AIUB\DSP\Code\Datasets\ZhangLabData\OCT2017_CLEAN_SHAONLY\train\DME\d7fa308a__DME-9997680-2.jpeg;D:\AIUB\DSP\Code\Datasets\ZhangLabData\OCT2017_CLEAN_SHAONLY\train\CNV\a1604212__CNV-9997680-27.jpeg,train,0
visual_phash,8d55cf554aaa14aa3071b055ebcedb8a8d838c71ca784eb654a634e7b077bb48,D:\AIUB\DSP\Code\Datasets\ZhangLabData\OCT2017_CLEAN_SHAONLY\train\DME\dd68b6bc__DME-7585537-4.jpeg,1,D:\AIUB\DSP\Code\Datasets\ZhangLabData\OCT2017_CLEAN_SHAONLY\train\CNV\528f411d__CNV-7585537-15.jpeg,D:\AIUB\DSP\Code\Datasets\ZhangLabData\OCT2017_CLEAN_SHAONLY\train\DME\dd68b6bc__DME-7585537-4.jpeg;D:\AIUB\DSP\Code\Datasets\ZhangLabData\OCT2017_CLEAN_SHAONLY\train\CNV\528f411d__CNV-7585537-15.jpeg,train,0
visual_phash,8545ceec383a3110b3d04fcd0ee67c72f938538cb5c6e951cef946a2b5473919,D:\AIUB\DSP\Code\Datasets\ZhangLabData\OCT2017_CLEAN_SHAONLY\train\DME\e3ba13d2__DME-7585537-9.jpeg,1,D:\AIUB\DSP\Code\Datasets\ZhangLabData\OCT2017_CLEAN_SHAONLY\train\CNV\522ba7d3__CNV-7585537-26.jpeg,D:\AIUB\DSP\Code\Datasets\ZhangLabData\OCT2017_CLEAN_SHAONLY\train\DME\e3ba13d2__DME-7585537-9.jpeg;D:\AIUB\DSP\Code\Datasets\ZhangLabData\OCT2017_CLEAN_SHAONLY\train\CNV\522ba7d3__CNV-7585537-26.jpeg,train,0
visual_phash,c015ee201fe891df8077ea737aa81c8815d903ff927fcc77629130889d4acf57,D:\AIUB\DSP\Code\Datasets\ZhangLabData\OCT2017_CLEAN_SHAONLY\train\DME\f4e24e6f__DME-8605472-3.jpeg,1,D:\AIUB\DSP\Code\Datasets\ZhangLabData\OCT2017_CLEAN_SHAONLY\train\NORMAL\ec76d227__NORMAL-8605472-9.jpeg,D:\AIUB\DSP\Code\Datasets\ZhangLabData\OCT2017_CLEAN_SHAONLY\train\DME\f4e24e6f__DME-8605472-3.jpeg;D:\AIUB\DSP\Code\Datasets\ZhangLabData\OCT2017_CLEAN_SHAONLY\train\NORMAL\ec76d227__NORMAL-8605472-9.jpeg,train,0
visual_phash,a144a3512fbb4acec08ed032f733376f95cc948c35bb25526956c955da553a95,D:\AIUB\DSP\Code\Datasets\ZhangLabData\OCT2017_CLEAN_SHAONLY\train\DME\f8a0cece__DME-9997680-19.jpeg,1,D:\AIUB\DSP\Code\Datasets\ZhangLabData\OCT2017_CLEAN_SHAONLY\train\CNV\cc046024__CNV-9997680-224.jpeg,D:\AIUB\DSP\Code\Datasets\ZhangLabData\OCT2017_CLEAN_SHAONLY\train\DME\f8a0cece__DME-9997680-19.jpeg;D:\AIUB\DSP\Code\Datasets\ZhangLabData\OCT2017_CLEAN_SHAONLY\train\CNV\cc046024__CNV-9997680-224.jpeg,train,0
visual_phash,b355a3552aaf488ad188d400b515b775b7c5bddc29dc2ad64ab7c2abd02af42a,D:\AIUB\DSP\Code\Datasets\ZhangLabData\OCT2017_CLEAN_SHAONLY\train\DME\faf97973__DME-9997680-3.jpeg,1,D:\AIUB\DSP\Code\Datasets\ZhangLabData\OCT2017_CLEAN_SHAONLY\train\CNV\d6385408__CNV-9997680-38.jpeg,D:\AIUB\DSP\Code\Datasets\ZhangLabData\OCT2017_CLEAN_SHAONLY\train\DME\faf97973__DME-9997680-3.jpeg;D:\AIUB\DSP\Code\Datasets\ZhangLabData\OCT2017_CLEAN_SHAONLY\train\CNV\d6385408__CNV-9997680-38.jpeg,train,0
visual_phash,f755f7116bab08e80ccc80cc8071e233f212de00cf086d8879e839e69ff787f7,D:\AIUB\DSP\Code\Datasets\ZhangLabData\OCT2017_CLEAN_SHAONLY\train\DRUSEN\3fd3fb4d__DRUSEN-3588659-1.jpeg,1,D:\AIUB\DSP\Code\Datasets\ZhangLabData\OCT2017_CLEAN_SHAONLY\train\DRUSEN\4c565992__DRUSEN-3588659-2.jpeg,D:\AIUB\DSP\Code\Datasets\ZhangLabData\OCT2017_CLEAN_SHAONLY\train\DRUSEN\3fd3fb4d__DRUSEN-3588659-1.jpeg;D:\AIUB\DSP\Code\Datasets\ZhangLabData\OCT2017_CLEAN_SHAONLY\train\DRUSEN\4c565992__DRUSEN-3588659-2.jpeg,train,0
visual_phash,f555ffb03aaa05d58155e2227808bdd03ff732ef1e6f4f3a2198b04558037e22,D:\AIUB\DSP\Code\Datasets\ZhangLabData\OCT2017_CLEAN_SHAONLY\train\DRUSEN\99ddb037__DRUSEN-3439251-37.jpeg,1,D:\AIUB\DSP\Code\Datasets\ZhangLabData\OCT2017_CLEAN_SHAONLY\train\DRUSEN\f7fe4093__DRUSEN-3439251-36.jpeg,D:\AIUB\DSP\Code\Datasets\ZhangLabData\OCT2017_CLEAN_SHAONLY\train\DRUSEN\99ddb037__DRUSEN-3439251-37.jpeg;D:\AIUB\DSP\Code\Datasets\ZhangLabData\OCT2017_CLEAN_SHAONLY\train\DRUSEN\f7fe4093__DRUSEN-3439251-36.jpeg,train,0
visual_phash,8c778e773e6a7008719cc39c8c8e9cccc7f0e701ce178c3e98f09be13383370f,D:\AIUB\DSP\Code\Datasets\ZhangLabData\OCT2017_CLEAN_SHAONLY\train\NORMAL\0604395a__NORMAL-6517612-7.jpeg,1,D:\AIUB\DSP\Code\Datasets\ZhangLabData\OCT2017_CLEAN_SHAONLY\train\NORMAL\970733a6__NORMAL-6517612-6.jpeg,D:\AIUB\DSP\Code\Datasets\ZhangLabData\OCT2017_CLEAN_SHAONLY\train\NORMAL\0604395a__NORMAL-6517612-7.jpeg;D:\AIUB\DSP\Code\Datasets\ZhangLabData\OCT2017_CLEAN_SHAONLY\train\NORMAL\970733a6__NORMAL-6517612-6.jpeg,train,0
visual_phash,8000a004e2066a007e995b9b5b9bd98fdc0f743f3c3f3d671f479e479ee486e5,D:\AIUB\DSP\Code\Datasets\ZhangLabData\OCT2017_CLEAN_SHAONLY\train\NORMAL\07615624__NORMAL-5808538-44.jpeg,1,D:\AIUB\DSP\Code\Datasets\ZhangLabData\OCT2017_CLEAN_SHAONLY\train\NORMAL\a1f63074__NORMAL-5808538-43.jpeg,D:\AIUB\DSP\Code\Datasets\ZhangLabData\OCT2017_CLEAN_SHAONLY\train\NORMAL\07615624__NORMAL-5808538-44.jpeg;D:\AIUB\DSP\Code\Datasets\ZhangLabData\OCT2017_CLEAN_SHAONLY\train\NORMAL\a1f63074__NORMAL-5808538-43.jpeg,train,0
visual_phash,e770fe207e8f05d981d081f0e274fa2f78037c037c811f8087e087f06aff783f,D:\AIUB\DSP\Code\Datasets\ZhangLabData\OCT2017_CLEAN_SHAONLY\train\NORMAL\0f8e1cf3__NORMAL-3898646-22.jpeg,1,D:\AIUB\DSP\Code\Datasets\ZhangLabData\OCT2017_CLEAN_SHAONLY\train\NORMAL\2c10e0b0__NORMAL-3898646-23.jpeg,D:\AIUB\DSP\Code\Datasets\ZhangLabData\OCT2017_CLEAN_SHAONLY\train\NORMAL\0f8e1cf3__NORMAL-3898646-22.jpeg;D:\AIUB\DSP\Code\Datasets\ZhangLabData\OCT2017_CLEAN_SHAONLY\train\NORMAL\2c10e0b0__NORMAL-3898646-23.jpeg,train,0
visual_phash,f555ff7f7faa0ddd85d5c22260226000bc090c99338d986e5862ef10a795d3fb,D:\AIUB\DSP\Code\Datasets\ZhangLabData\OCT2017_CLEAN_SHAONLY\train\NORMAL\0f8fded2__NORMAL-2575564-4.jpeg,1,D:\AIUB\DSP\Code\Datasets\ZhangLabData\OCT2017_CLEAN_SHAONLY\train\NORMAL\4d090d7d__NORMAL-2575564-5.jpeg,D:\AIUB\DSP\Code\Datasets\ZhangLabData\OCT2017_CLEAN_SHAONLY\train\NORMAL\0f8fded2__NORMAL-2575564-4.jpeg;D:\AIUB\DSP\Code\Datasets\ZhangLabData\OCT2017_CLEAN_SHAONLY\train\NORMAL\4d090d7d__NORMAL-2575564-5.jpeg,train,0
visual_phash,e211f3007f881dcc9ffe8ff703e742758018c41847886384b1e6b0f7b47f543f,D:\AIUB\DSP\Code\Datasets\ZhangLabData\OCT2017_CLEAN_SHAONLY\train\NORMAL\2b33e38d__NORMAL-5489583-7.jpeg,1,D:\AIUB\DSP\Code\Datasets\ZhangLabData\OCT2017_CLEAN_SHAONLY\train\NORMAL\67e108ed__NORMAL-5489583-8.jpeg,D:\AIUB\DSP\Code\Datasets\ZhangLabData\OCT2017_CLEAN_SHAONLY\train\NORMAL\2b33e38d__NORMAL-5489583-7.jpeg;D:\AIUB\DSP\Code\Datasets\ZhangLabData\OCT2017_CLEAN_SHAONLY\train\NORMAL\67e108ed__NORMAL-5489583-8.jpeg,train,0
visual_phash,f800ff003fc805df807f603ff018fc00ff00ffe0cff047d813ff10ff483f0603,D:\AIUB\DSP\Code\Datasets\ZhangLabData\OCT2017_CLEAN_SHAONLY\train\NORMAL\3267327a__NORMAL-9063389-3.jpeg,1,D:\AIUB\DSP\Code\Datasets\ZhangLabData\OCT2017_CLEAN_SHAONLY\train\NORMAL\d2b3bea3__NORMAL-9063389-2.jpeg,D:\AIUB\DSP\Code\Datasets\ZhangLabData\OCT2017_CLEAN_SHAONLY\train\NORMAL\3267327a__NORMAL-9063389-3.jpeg;D:\AIUB\DSP\Code\Datasets\ZhangLabData\OCT2017_CLEAN_SHAONLY\train\NORMAL\d2b3bea3__NORMAL-9063389-2.jpeg,train,0
visual_phash,f705ff037fea3ffd9fff87fe43fb20ff805f801f400fb004b8016c002e009700,D:\AIUB\DSP\Code\Datasets\ZhangLabData\OCT2017_CLEAN_SHAONLY\train\NORMAL\3a09f348__NORMAL-4213058-21.jpeg,1,D:\AIUB\DSP\Code\Datasets\ZhangLabData\OCT2017_CLEAN_SHAONLY\train\NORMAL\564119e3__NORMAL-4213058-20.jpeg,D:\AIUB\DSP\Code\Datasets\ZhangLabData\OCT2017_CLEAN_SHAONLY\train\NORMAL\3a09f348__NORMAL-4213058-21.jpeg;D:\AIUB\DSP\Code\Datasets\ZhangLabData\OCT2017_CLEAN_SHAONLY\train\NORMAL\564119e3__NORMAL-4213058-20.jpeg,train,0
visual_phash,f775bf7708aa408cd000bd20bf726f774fff10df20806000ef009fb2977e307d,D:\AIUB\DSP\Code\Datasets\ZhangLabData\OCT2017_CLEAN_SHAONLY\train\NORMAL\4f4f0875__NORMAL-1223959-5.jpeg,1,D:\AIUB\DSP\Code\Datasets\ZhangLabData\OCT2017_CLEAN_SHAONLY\train\NORMAL\baad385f__NORMAL-1223959-6.jpeg,D:\AIUB\DSP\Code\Datasets\ZhangLabData\OCT2017_CLEAN_SHAONLY\train\NORMAL\4f4f0875__NORMAL-1223959-5.jpeg;D:\AIUB\DSP\Code\Datasets\ZhangLabData\OCT2017_CLEAN_SHAONLY\train\NORMAL\baad385f__NORMAL-1223959-6.jpeg,train,0
visual_phash,e266e266e2626370773075b83d99ad998d99079907d8a3d8b3d991f911e858ec,D:\AIUB\DSP\Code\Datasets\ZhangLabData\OCT2017_CLEAN_SHAONLY\train\NORMAL\5c337fb1__NORMAL-9267111-17.jpeg,1,D:\AIUB\DSP\Code\Datasets\ZhangLabData\OCT2017_CLEAN_SHAONLY\train\NORMAL\ba50eca6__NORMAL-9267111-15.jpeg,D:\AIUB\DSP\Code\Datasets\ZhangLabData\OCT2017_CLEAN_SHAONLY\train\NORMAL\5c337fb1__NORMAL-9267111-17.jpeg;D:\AIUB\DSP\Code\Datasets\ZhangLabData\OCT2017_CLEAN_SHAONLY\train\NORMAL\ba50eca6__NORMAL-9267111-15.jpeg,train,0
visual_phash,f775f77d2fff2acf08cd08bad022d02274207720d72cd38cd48e748a7d0a3d42,D:\AIUB\DSP\Code\Datasets\ZhangLabData\OCT2017_CLEAN_SHAONLY\train\NORMAL\644e4548__NORMAL-9321707-13.jpeg,1,D:\AIUB\DSP\Code\Datasets\ZhangLabData\OCT2017_CLEAN_SHAONLY\train\NORMAL\b0bdb322__NORMAL-9321707-12.jpeg,D:\AIUB\DSP\Code\Datasets\ZhangLabData\OCT2017_CLEAN_SHAONLY\train\NORMAL\644e4548__NORMAL-9321707-13.jpeg;D:\AIUB\DSP\Code\Datasets\ZhangLabData\OCT2017_CLEAN_SHAONLY\train\NORMAL\b0bdb322__NORMAL-9321707-12.jpeg,train,0
visual_phash,f775f3356a8c0cc89cdb9433e33173205f8c4dce68db38fa1e329733e1446144,D:\AIUB\DSP\Code\Datasets\ZhangLabData\OCT2017_CLEAN_SHAONLY\train\NORMAL\66d890c4__NORMAL-8940099-4.jpeg,1,D:\AIUB\DSP\Code\Datasets\ZhangLabData\OCT2017_CLEAN_SHAONLY\train\NORMAL\7e6e0413__NORMAL-8940099-3.jpeg,D:\AIUB\DSP\Code\Datasets\ZhangLabData\OCT2017_CLEAN_SHAONLY\train\NORMAL\66d890c4__NORMAL-8940099-4.jpeg;D:\AIUB\DSP\Code\Datasets\ZhangLabData\OCT2017_CLEAN_SHAONLY\train\NORMAL\7e6e0413__NORMAL-8940099-3.jpeg,train,0
visual_phash,d555f7546aaa889d8563e22a7308798b0dd736559620cfa86bdd21f59072de23,D:\AIUB\DSP\Code\Datasets\ZhangLabData\OCT2017_CLEAN_SHAONLY\train\NORMAL\867130c5__NORMAL-5830194-16.jpeg,1,D:\AIUB\DSP\Code\Datasets\ZhangLabData\OCT2017_CLEAN_SHAONLY\train\NORMAL\a3b31da5__NORMAL-5830194-15.jpeg,D:\AIUB\DSP\Code\Datasets\ZhangLabData\OCT2017_CLEAN_SHAONLY\train\NORMAL\867130c5__NORMAL-5830194-16.jpeg;D:\AIUB\DSP\Code\Datasets\ZhangLabData\OCT2017_CLEAN_SHAONLY\train\NORMAL\a3b31da5__NORMAL-5830194-15.jpeg,train,0
visual_phash,b0552bf54aaad40ab5772155ebdd4aaa4eaa11aad10865580d579bd5f2ad3caa,D:\AIUB\DSP\Code\Datasets\ZhangLabData\OCT2017_CLEAN_SHAONLY\train\NORMAL\8ef9420b__NORMAL-3898646-14.jpeg,1,D:\AIUB\DSP\Code\Datasets\ZhangLabData\OCT2017_CLEAN_SHAONLY\train\NORMAL\90b25975__NORMAL-3898646-15.jpeg,D:\AIUB\DSP\Code\Datasets\ZhangLabData\OCT2017_CLEAN_SHAONLY\train\NORMAL\8ef9420b__NORMAL-3898646-14.jpeg;D:\AIUB\DSP\Code\Datasets\ZhangLabData\OCT2017_CLEAN_SHAONLY\train\NORMAL\90b25975__NORMAL-3898646-15.jpeg,train,0
visual_phash,f555a75722aa2aaa48a8d88cd0d6d55335332535cf75db55ba5534d524c86caa,D:\AIUB\DSP\Code\Datasets\ZhangLabData\OCT2017_CLEAN_SHAONLY\train\NORMAL\998fcc1c__NORMAL-6622025-1.jpeg,1,D:\AIUB\DSP\Code\Datasets\ZhangLabData\OCT2017_CLEAN_SHAONLY\train\NORMAL\a360827a__NORMAL-6622025-2.jpeg,D:\AIUB\DSP\Code\Datasets\ZhangLabData\OCT2017_CLEAN_SHAONLY\train\NORMAL\998fcc1c__NORMAL-6622025-1.jpeg;D:\AIUB\DSP\Code\Datasets\ZhangLabData\OCT2017_CLEAN_SHAONLY\train\NORMAL\a360827a__NORMAL-6622025-2.jpeg,train,0
visual_phash,a755a7552ad56aa8caabd2aa52aa16aa95ea904b3693e4b1cda5392e3f6a074a,D:\AIUB\DSP\Code\Datasets\ZhangLabData\OCT2017_CLEAN_SHAONLY\train\NORMAL\a8d738e5__NORMAL-2377429-8.jpeg,1,D:\AIUB\DSP\Code\Datasets\ZhangLabData\OCT2017_CLEAN_SHAONLY\train\NORMAL\c470232c__NORMAL-2377429-7.jpeg,D:\AIUB\DSP\Code\Datasets\ZhangLabData\OCT2017_CLEAN_SHAONLY\train\NORMAL\a8d738e5__NORMAL-2377429-8.jpeg;D:\AIUB\DSP\Code\Datasets\ZhangLabData\OCT2017_CLEAN_SHAONLY\train\NORMAL\c470232c__NORMAL-2377429-7.jpeg,train,0
visual_phash,975197673ebe7888c98989ef87242734667fdec898c820d763f74f805c02903f,D:\AIUB\DSP\Code\Datasets\ZhangLabData\OCT2017_CLEAN_SHAONLY\train\NORMAL\de6b066d__NORMAL-1384-7.jpeg,1,D:\AIUB\DSP\Code\Datasets\ZhangLabData\OCT2017_CLEAN_SHAONLY\train\NORMAL\faa3b9ab__NORMAL-1384-6.jpeg,D:\AIUB\DSP\Code\Datasets\ZhangLabData\OCT2017_CLEAN_SHAONLY\train\NORMAL\de6b066d__NORMAL-1384-7.jpeg;D:\AIUB\DSP\Code\Datasets\ZhangLabData\OCT2017_CLEAN_SHAONLY\train\NORMAL\faa3b9ab__NORMAL-1384-6.jpeg,train,0
visual_phash,f155f2717faa3d9f1ddd8cf7c2e342237300f90c4dafe41fa010f28058c05d66,D:\AIUB\DSP\Code\Datasets\ZhangLabData\OCT2017_CLEAN_SHAONLY\train\NORMAL\f7974d77__NORMAL-1595813-9.jpeg,1,D:\AIUB\DSP\Code\Datasets\ZhangLabData\OCT2017_CLEAN_SHAONLY\train\NORMAL\d7f17ff0__NORMAL-1595813-10.jpeg,D:\AIUB\DSP\Code\Datasets\ZhangLabData\OCT2017_CLEAN_SHAONLY\train\NORMAL\f7974d77__NORMAL-1595813-9.jpeg;D:\AIUB\DSP\Code\Datasets\ZhangLabData\OCT2017_CLEAN_SHAONLY\train\NORMAL\d7f17ff0__NORMAL-1595813-10.jpeg,train,0
visual_phash,8140ad5728556b19cad79ac7b29433bd65b5cc251e6532f591b5d989c14f267a,D:\AIUB\DSP\Code\Datasets\ZhangLabData\OCT2017_CLEAN_SHAONLY\val\CNV\0b739115__CNV-538779-33.jpeg,1,D:\AIUB\DSP\Code\Datasets\ZhangLabData\OCT2017_CLEAN_SHAONLY\train\CNV\175dbc04__CNV-538779-32.jpeg,D:\AIUB\DSP\Code\Datasets\ZhangLabData\OCT2017_CLEAN_SHAONLY\val\CNV\0b739115__CNV-538779-33.jpeg;D:\AIUB\DSP\Code\Datasets\ZhangLabData\OCT2017_CLEAN_SHAONLY\train\CNV\175dbc04__CNV-538779-32.jpeg,"train,val",1
visual_phash,9555b5552aff4ee2da20139b34fbc460cda43b9fc42bc402396e1f7f0f4ae240,D:\AIUB\DSP\Code\Datasets\ZhangLabData\OCT2017_CLEAN_SHAONLY\val\CNV\13463641__CNV-451136-210.jpeg,1,D:\AIUB\DSP\Code\Datasets\ZhangLabData\OCT2017_CLEAN_SHAONLY\train\CNV\88e6d8c9__CNV-451136-211.jpeg,D:\AIUB\DSP\Code\Datasets\ZhangLabData\OCT2017_CLEAN_SHAONLY\val\CNV\13463641__CNV-451136-210.jpeg;D:\AIUB\DSP\Code\Datasets\ZhangLabData\OCT2017_CLEAN_SHAONLY\train\CNV\88e6d8c9__CNV-451136-211.jpeg,"train,val",1
visual_phash,d204b2043ef14ddbc91af902bb243fe5c6ddd25a124a1ec14fb149be707ef846,D:\AIUB\DSP\Code\Datasets\ZhangLabData\OCT2017_CLEAN_SHAONLY\val\CNV\186dd289__CNV-8381154-8.jpeg,1,D:\AIUB\DSP\Code\Datasets\ZhangLabData\OCT2017_CLEAN_SHAONLY\train\DME\c4ff068b__DME-8381154-1.jpeg,D:\AIUB\DSP\Code\Datasets\ZhangLabData\OCT2017_CLEAN_SHAONLY\val\CNV\186dd289__CNV-8381154-8.jpeg;D:\AIUB\DSP\Code\Datasets\ZhangLabData\OCT2017_CLEAN_SHAONLY\train\DME\c4ff068b__DME-8381154-1.jpeg,"train,val",1
visual_phash,b000b3204fef4cffd153b314ac844ee90bfb133eca1cc2cdb1e3b4f32c3a4f05,D:\AIUB\DSP\Code\Datasets\ZhangLabData\OCT2017_CLEAN_SHAONLY\val\CNV\247aeeb4__CNV-3084376-8.jpeg,1,D:\AIUB\DSP\Code\Datasets\ZhangLabData\OCT2017_CLEAN_SHAONLY\train\CNV\f6a5a0db__CNV-3084376-9.jpeg,D:\AIUB\DSP\Code\Datasets\ZhangLabData\OCT2017_CLEAN_SHAONLY\val\CNV\247aeeb4__CNV-3084376-8.jpeg;D:\AIUB\DSP\Code\Datasets\ZhangLabData\OCT2017_CLEAN_SHAONLY\train\CNV\f6a5a0db__CNV-3084376-9.jpeg,"train,val",1
visual_phash,fd554eff1348b104cc83c7fc30771903c5c0e07c1f0f0ff4c8fff08b3500cf70,D:\AIUB\DSP\Code\Datasets\ZhangLabData\OCT2017_CLEAN_SHAONLY\val\CNV\2539f292__CNV-7513011-55.jpeg,1,D:\AIUB\DSP\Code\Datasets\ZhangLabData\OCT2017_CLEAN_SHAONLY\val\CNV\e61ba690__CNV-7513011-54.jpeg,D:\AIUB\DSP\Code\Datasets\ZhangLabData\OCT2017_CLEAN_SHAONLY\val\CNV\2539f292__CNV-7513011-55.jpeg;D:\AIUB\DSP\Code\Datasets\ZhangLabData\OCT2017_CLEAN_SHAONLY\val\CNV\e61ba690__CNV-7513011-54.jpeg,val,0
visual_phash,9154e3ec6eaa1fa39513805fa05f6a667e80df80c1b123f030ee9c2e9d4fcf51,D:\AIUB\DSP\Code\Datasets\ZhangLabData\OCT2017_CLEAN_SHAONLY\val\CNV\3ab9c0d1__CNV-4884091-62.jpeg,1,D:\AIUB\DSP\Code\Datasets\ZhangLabData\OCT2017_CLEAN_SHAONLY\train\CNV\b3257514__CNV-4884091-61.jpeg,D:\AIUB\DSP\Code\Datasets\ZhangLabData\OCT2017_CLEAN_SHAONLY\val\CNV\3ab9c0d1__CNV-4884091-62.jpeg;D:\AIUB\DSP\Code\Datasets\ZhangLabData\OCT2017_CLEAN_SHAONLY\train\CNV\b3257514__CNV-4884091-61.jpeg,"train,val",1
visual_phash,a555a5772fc07a00c89fc2ffd6e01720250ff41f3e9b18b3c1a0c5a8c72b1f6b,D:\AIUB\DSP\Code\Datasets\ZhangLabData\OCT2017_CLEAN_SHAONLY\val\CNV\489e4007__CNV-6652117-343.jpeg,1,D:\AIUB\DSP\Code\Datasets\ZhangLabData\OCT2017_CLEAN_SHAONLY\train\CNV\198090ef__CNV-6652117-345.jpeg,D:\AIUB\DSP\Code\Datasets\ZhangLabData\OCT2017_CLEAN_SHAONLY\val\CNV\489e4007__CNV-6652117-343.jpeg;D:\AIUB\DSP\Code\Datasets\ZhangLabData\OCT2017_CLEAN_SHAONLY\train\CNV\198090ef__CNV-6652117-345.jpeg,"train,val",1
visual_phash,aaaacf452aaa502ab15ff153a9914f90bc1e6c4ea8497ae9b2b27526b5456d55,D:\AIUB\DSP\Code\Datasets\ZhangLabData\OCT2017_CLEAN_SHAONLY\val\CNV\5d945d5c__CNV-7585537-4.jpeg,1,D:\AIUB\DSP\Code\Datasets\ZhangLabData\OCT2017_CLEAN_SHAONLY\train\DME\8b1e31a2__DME-7585537-1.jpeg,D:\AIUB\DSP\Code\Datasets\ZhangLabData\OCT2017_CLEAN_SHAONLY\val\CNV\5d945d5c__CNV-7585537-4.jpeg;D:\AIUB\DSP\Code\Datasets\ZhangLabData\OCT2017_CLEAN_SHAONLY\train\DME\8b1e31a2__DME-7585537-1.jpeg,"train,val",1
visual_phash,c455edda7faa3f758e774c9f4189e16da276323659af599f8c418e6106202312,D:\AIUB\DSP\Code\Datasets\ZhangLabData\OCT2017_CLEAN_SHAONLY\val\CNV\80b73ba3__CNV-2285380-13.jpeg,1,D:\AIUB\DSP\Code\Datasets\ZhangLabData\OCT2017_CLEAN_SHAONLY\train\CNV\1f9f441c__CNV-2285380-14.jpeg,D:\AIUB\DSP\Code\Datasets\ZhangLabData\OCT2017_CLEAN_SHAONLY\val\CNV\80b73ba3__CNV-2285380-13.jpeg;D:\AIUB\DSP\Code\Datasets\ZhangLabData\OCT2017_CLEAN_SHAONLY\train\CNV\1f9f441c__CNV-2285380-14.jpeg,"train,val",1
visual_phash,954529976aaad6ee1532e5550b5c8a91723332ee9c882dbb69629b4e9654e4f5,D:\AIUB\DSP\Code\Datasets\ZhangLabData\OCT2017_CLEAN_SHAONLY\val\CNV\8d7d27c8__CNV-6294785-40.jpeg,1,D:\AIUB\DSP\Code\Datasets\ZhangLabData\OCT2017_CLEAN_SHAONLY\train\CNV\e197941c__CNV-6294785-41.jpeg,D:\AIUB\DSP\Code\Datasets\ZhangLabData\OCT2017_CLEAN_SHAONLY\val\CNV\8d7d27c8__CNV-6294785-40.jpeg;D:\AIUB\DSP\Code\Datasets\ZhangLabData\OCT2017_CLEAN_SHAONLY\train\CNV\e197941c__CNV-6294785-41.jpeg,"train,val",1
visual_phash,8000e0007fbe1fff8fffc1ff616b702ebc179e00cf00a74025f044fc526eb31f,D:\AIUB\DSP\Code\Datasets\ZhangLabData\OCT2017_CLEAN_SHAONLY\val\CNV\9d12c873__CNV-5557306-82.jpeg,1,D:\AIUB\DSP\Code\Datasets\ZhangLabData\OCT2017_CLEAN_SHAONLY\train\CNV\72262bcb__CNV-5557306-83.jpeg,D:\AIUB\DSP\Code\Datasets\ZhangLabData\OCT2017_CLEAN_SHAONLY\val\CNV\9d12c873__CNV-5557306-82.jpeg;D:\AIUB\DSP\Code\Datasets\ZhangLabData\OCT2017_CLEAN_SHAONLY\train\CNV\72262bcb__CNV-5557306-83.jpeg,"train,val",1
visual_phash,cb01ff287ffe37f703f781edc01cc81c7c007722b733ce338c5b2c4930c453c4,D:\AIUB\DSP\Code\Datasets\ZhangLabData\OCT2017_CLEAN_SHAONLY\val\CNV\e6e377eb__CNV-2724152-63.jpeg,1,D:\AIUB\DSP\Code\Datasets\ZhangLabData\OCT2017_CLEAN_SHAONLY\train\CNV\3d716bf6__CNV-2724152-64.jpeg,D:\AIUB\DSP\Code\Datasets\ZhangLabData\OCT2017_CLEAN_SHAONLY\val\CNV\e6e377eb__CNV-2724152-63.jpeg;D:\AIUB\DSP\Code\Datasets\ZhangLabData\OCT2017_CLEAN_SHAONLY\train\CNV\3d716bf6__CNV-2724152-64.jpeg,"train,val",1
visual_phash,954aaaaa8aa59555b6758aa58115f454d743d12dfdbec743d4487abc4ba6c44a,D:\AIUB\DSP\Code\Datasets\ZhangLabData\OCT2017_CLEAN_SHAONLY\val\DME\0bd216dc__DME-4967228-53.jpeg,1,D:\AIUB\DSP\Code\Datasets\ZhangLabData\OCT2017_CLEAN_SHAONLY\train\DME\9eda94ea__DME-4967228-52.jpeg,D:\AIUB\DSP\Code\Datasets\ZhangLabData\OCT2017_CLEAN_SHAONLY\val\DME\0bd216dc__DME-4967228-53.jpeg;D:\AIUB\DSP\Code\Datasets\ZhangLabData\OCT2017_CLEAN_SHAONLY\train\DME\9eda94ea__DME-4967228-52.jpeg,"train,val",1
visual_phash,f37f80002feb7feabcc8c400a0576337b333533b85df2dcc2ec86a04c227d03f,D:\AIUB\DSP\Code\Datasets\ZhangLabData\OCT2017_CLEAN_SHAONLY\val\DME\36ca4ba8__DME-4967228-15.jpeg,1,D:\AIUB\DSP\Code\Datasets\ZhangLabData\OCT2017_CLEAN_SHAONLY\train\DME\1cb795a0__DME-4967228-14.jpeg,D:\AIUB\DSP\Code\Datasets\ZhangLabData\OCT2017_CLEAN_SHAONLY\val\DME\36ca4ba8__DME-4967228-15.jpeg;D:\AIUB\DSP\Code\Datasets\ZhangLabData\OCT2017_CLEAN_SHAONLY\train\DME\1cb795a0__DME-4967228-14.jpeg,"train,val",1
visual_phash,8544eaa87aba9555d505aaae22fa5d886d55ad5592aac2aa6a5a3d5795f5c285,D:\AIUB\DSP\Code\Datasets\ZhangLabData\OCT2017_CLEAN_SHAONLY\val\DME\4b839aeb__DME-5942608-1.jpeg,1,D:\AIUB\DSP\Code\Datasets\ZhangLabData\OCT2017_CLEAN_SHAONLY\train\NORMAL\e16e3921__NORMAL-5942608-22.jpeg,D:\AIUB\DSP\Code\Datasets\ZhangLabData\OCT2017_CLEAN_SHAONLY\val\DME\4b839aeb__DME-5942608-1.jpeg;D:\AIUB\DSP\Code\Datasets\ZhangLabData\OCT2017_CLEAN_SHAONLY\train\NORMAL\e16e3921__NORMAL-5942608-22.jpeg,"train,val",1
visual_phash,9555b555255569556b554a54ced5d8d51995d325c66c366932cb96da0c9a64b6,D:\AIUB\DSP\Code\Datasets\ZhangLabData\OCT2017_CLEAN_SHAONLY\val\DME\4e30c373__DME-670450-12.jpeg,1,D:\AIUB\DSP\Code\Datasets\ZhangLabData\OCT2017_CLEAN_SHAONLY\train\DME\d371c7e3__DME-670450-10.jpeg,D:\AIUB\DSP\Code\Datasets\ZhangLabData\OCT2017_CLEAN_SHAONLY\val\DME\4e30c373__DME-670450-12.jpeg;D:\AIUB\DSP\Code\Datasets\ZhangLabData\OCT2017_CLEAN_SHAONLY\train\DME\d371c7e3__DME-670450-10.jpeg,"train,val",1
visual_phash,d454fb242f9984d3c026fa00bf918ff0836cb062dc938f5887fcc3b7e817fc09,D:\AIUB\DSP\Code\Datasets\ZhangLabData\OCT2017_CLEAN_SHAONLY\val\DME\58c23369__DME-4336607-31.jpeg,1,D:\AIUB\DSP\Code\Datasets\ZhangLabData\OCT2017_CLEAN_SHAONLY\train\DME\dafaf272__DME-4336607-32.jpeg,D:\AIUB\DSP\Code\Datasets\ZhangLabData\OCT2017_CLEAN_SHAONLY\val\DME\58c23369__DME-4336607-31.jpeg;D:\AIUB\DSP\Code\Datasets\ZhangLabData\OCT2017_CLEAN_SHAONLY\train\DME\dafaf272__DME-4336607-32.jpeg,"train,val",1
visual_phash,b705b371abf92aff2aef08ae488a480a5c007c0074b064b3f4b3d5b3d5f397d2,D:\AIUB\DSP\Code\Datasets\ZhangLabData\OCT2017_CLEAN_SHAONLY\val\DME\8aa54cd4__DME-5313093-64.jpeg,1,D:\AIUB\DSP\Code\Datasets\ZhangLabData\OCT2017_CLEAN_SHAONLY\train\DME\6ecdf942__DME-5313093-65.jpeg,D:\AIUB\DSP\Code\Datasets\ZhangLabData\OCT2017_CLEAN_SHAONLY\val\DME\8aa54cd4__DME-5313093-64.jpeg;D:\AIUB\DSP\Code\Datasets\ZhangLabData\OCT2017_CLEAN_SHAONLY\train\DME\6ecdf942__DME-5313093-65.jpeg,"train,val",1
visual_phash,f311f3251cef0cde8010f2217f8a1ffe8ddf201392208304e3cc7ccd1dfb8773,D:\AIUB\DSP\Code\Datasets\ZhangLabData\OCT2017_CLEAN_SHAONLY\val\NORMAL\05c28d7d__NORMAL-1171785-16.jpeg,1,D:\AIUB\DSP\Code\Datasets\ZhangLabData\OCT2017_CLEAN_SHAONLY\train\NORMAL\0dbf8163__NORMAL-1171785-17.jpeg,D:\AIUB\DSP\Code\Datasets\ZhangLabData\OCT2017_CLEAN_SHAONLY\val\NORMAL\05c28d7d__NORMAL-1171785-16.jpeg;D:\AIUB\DSP\Code\Datasets\ZhangLabData\OCT2017_CLEAN_SHAONLY\train\NORMAL\0dbf8163__NORMAL-1171785-17.jpeg,"train,val",1
visual_phash,9557952a16aa2a8d68d5c95dcf5592713732973a972a926932cd2a8d68ddc956,D:\AIUB\DSP\Code\Datasets\ZhangLabData\OCT2017_CLEAN_SHAONLY\val\NORMAL\0711d6e3__NORMAL-6070433-26.jpeg,1,D:\AIUB\DSP\Code\Datasets\ZhangLabData\OCT2017_CLEAN_SHAONLY\train\NORMAL\ce1085c0__NORMAL-6070433-27.jpeg,D:\AIUB\DSP\Code\Datasets\ZhangLabData\OCT2017_CLEAN_SHAONLY\val\NORMAL\0711d6e3__NORMAL-6070433-26.jpeg;D:\AIUB\DSP\Code\Datasets\ZhangLabData\OCT2017_CLEAN_SHAONLY\train\NORMAL\ce1085c0__NORMAL-6070433-27.jpeg,"train,val",1
visual_phash,f000f8001dff85ff806760007e009ff82fff27ff87fe81dd6007fe02df0063d0,D:\AIUB\DSP\Code\Datasets\ZhangLabData\OCT2017_CLEAN_SHAONLY\val\NORMAL\30debdf4__NORMAL-6170409-21.jpeg,1,D:\AIUB\DSP\Code\Datasets\ZhangLabData\OCT2017_CLEAN_SHAONLY\train\NORMAL\ad206883__NORMAL-6170409-20.jpeg,D:\AIUB\DSP\Code\Datasets\ZhangLabData\OCT2017_CLEAN_SHAONLY\val\NORMAL\30debdf4__NORMAL-6170409-21.jpeg;D:\AIUB\DSP\Code\Datasets\ZhangLabData\OCT2017_CLEAN_SHAONLY\train\NORMAL\ad206883__NORMAL-6170409-20.jpeg,"train,val",1
visual_phash,c000e2007def1ddf853fe237722059c00ddd3c7f167697616789619f50cf9c63,D:\AIUB\DSP\Code\Datasets\ZhangLabData\OCT2017_CLEAN_SHAONLY\val\NORMAL\6964224c__NORMAL-9126596-6.jpeg,1,D:\AIUB\DSP\Code\Datasets\ZhangLabData\OCT2017_CLEAN_SHAONLY\train\NORMAL\748cab48__NORMAL-9126596-5.jpeg,D:\AIUB\DSP\Code\Datasets\ZhangLabData\OCT2017_CLEAN_SHAONLY\val\NORMAL\6964224c__NORMAL-9126596-6.jpeg;D:\AIUB\DSP\Code\Datasets\ZhangLabData\OCT2017_CLEAN_SHAONLY\train\NORMAL\748cab48__NORMAL-9126596-5.jpeg,"train,val",1
visual_phash,ef56ff667fb91ddd80868020e02078005d889fc923f530f7d82a4e08679db1ff,D:\AIUB\DSP\Code\Datasets\ZhangLabData\OCT2017_CLEAN_SHAONLY\val\NORMAL\809e6677__NORMAL-2362653-7.jpeg,1,D:\AIUB\DSP\Code\Datasets\ZhangLabData\OCT2017_CLEAN_SHAONLY\train\NORMAL\d6463ee2__NORMAL-2362653-8.jpeg,D:\AIUB\DSP\Code\Datasets\ZhangLabData\OCT2017_CLEAN_SHAONLY\val\NORMAL\809e6677__NORMAL-2362653-7.jpeg;D:\AIUB\DSP\Code\Datasets\ZhangLabData\OCT2017_CLEAN_SHAONLY\train\NORMAL\d6463ee2__NORMAL-2362653-8.jpeg,"train,val",1
visual_phash,c2002f7f6889c002b7776bfcc88a95332f7f388861df0ff79a00b0fc65c3cc17,D:\AIUB\DSP\Code\Datasets\ZhangLabData\OCT2017_CLEAN_SHAONLY\val\NORMAL\9ef53e77__NORMAL-6361175-14.jpeg,1,D:\AIUB\DSP\Code\Datasets\ZhangLabData\OCT2017_CLEAN_SHAONLY\train\NORMAL\28398a17__NORMAL-6361175-13.jpeg,D:\AIUB\DSP\Code\Datasets\ZhangLabData\OCT2017_CLEAN_SHAONLY\val\NORMAL\9ef53e77__NORMAL-6361175-14.jpeg;D:\AIUB\DSP\Code\Datasets\ZhangLabData\OCT2017_CLEAN_SHAONLY\train\NORMAL\28398a17__NORMAL-6361175-13.jpeg,"train,val",1
visual_phash,b14eba8c2ab54428d54a95ca3dd42b556a35eaa52aabe0cad5aa9d3837756257,D:\AIUB\DSP\Code\Datasets\ZhangLabData\OCT2017_CLEAN_SHAONLY\val\NORMAL\c901138f__NORMAL-4370701-9.jpeg,1,D:\AIUB\DSP\Code\Datasets\ZhangLabData\OCT2017_CLEAN_SHAONLY\train\NORMAL\ae2e9abd__NORMAL-4370701-8.jpeg,D:\AIUB\DSP\Code\Datasets\ZhangLabData\OCT2017_CLEAN_SHAONLY\val\NORMAL\c901138f__NORMAL-4370701-9.jpeg;D:\AIUB\DSP\Code\Datasets\ZhangLabData\OCT2017_CLEAN_SHAONLY\train\NORMAL\ae2e9abd__NORMAL-4370701-8.jpeg,"train,val",1
visual_phash,9765fe667cba01998145e2667e6e7f691d91359a32fc926d8a67683270193588,D:\AIUB\DSP\Code\Datasets\ZhangLabData\OCT2017_CLEAN_SHAONLY\val\NORMAL\d35b502d__NORMAL-5049751-9.jpeg,1,D:\AIUB\DSP\Code\Datasets\ZhangLabData\OCT2017_CLEAN_SHAONLY\train\NORMAL\c98434e7__NORMAL-5049751-7.jpeg,D:\AIUB\DSP\Code\Datasets\ZhangLabData\OCT2017_CLEAN_SHAONLY\val\NORMAL\d35b502d__NORMAL-5049751-9.jpeg;D:\AIUB\DSP\Code\Datasets\ZhangLabData\OCT2017_CLEAN_SHAONLY\train\NORMAL\c98434e7__NORMAL-5049751-7.jpeg,"train,val",1
