sha256,canonical_path,removed_path,canonical_split,removed_split,label,reason
6267eaf0c045fbc09c89aec6ee58702bc9334b3cc384f6414094f6bb4070e050,D:\AIUB\DSP\Code\Datasets\C8\RetinalOCT_Dataset\test\CNV\cnv_test_1002.jpg,D:\AIUB\DSP\Code\Datasets\C8\RetinalOCT_Dataset\train\CNV\cnv_train_2822.jpg,test,train,CNV,sha256_exact_duplicate_keep_one
8c05d746bce2857607e48dfa08b09577572eb8b5354ad575b4a135154be1e01e,D:\AIUB\DSP\Code\Datasets\C8\RetinalOCT_Dataset\test\CNV\cnv_test_1066.jpg,D:\AIUB\DSP\Code\Datasets\C8\RetinalOCT_Dataset\train\CNV\cnv_train_1105.jpg,test,train,CNV,sha256_exact_duplicate_keep_one
de528e87067088d5714680fbfe68d8879e929c03dbb85919b062e66df01405a0,D:\AIUB\DSP\Code\Datasets\C8\RetinalOCT_Dataset\test\CNV\cnv_test_1071.jpg,D:\AIUB\DSP\Code\Datasets\C8\RetinalOCT_Dataset\train\CNV\cnv_train_1193.jpg,test,train,CNV,sha256_exact_duplicate_keep_one
25c3d47d9b3c85252ad0ca682c534532d21c31dc48b51ed75f792bf987b662f1,D:\AIUB\DSP\Code\Datasets\C8\RetinalOCT_Dataset\test\CNV\cnv_test_1073.jpg,D:\AIUB\DSP\Code\Datasets\C8\RetinalOCT_Dataset\train\CNV\cnv_train_1200.jpg,test,train,CNV,sha256_exact_duplicate_keep_one
a3d18049c58d5fadea0d9beb619047da62788bf24498cb332d6ba190a3279617,D:\AIUB\DSP\Code\Datasets\C8\RetinalOCT_Dataset\test\CNV\cnv_test_1233.jpg,D:\AIUB\DSP\Code\Datasets\C8\RetinalOCT_Dataset\train\CNV\cnv_train_2311.jpg,test,train,CNV,sha256_exact_duplicate_keep_one
7c5ac984cb3d1c1e04131b23e8e9b5949c96d37de7d81d76e466d09e0a4c1171,D:\AIUB\DSP\Code\Datasets\C8\RetinalOCT_Dataset\test\CNV\cnv_test_1239.jpg,D:\AIUB\DSP\Code\Datasets\C8\RetinalOCT_Dataset\train\CNV\cnv_train_2347.jpg,test,train,CNV,sha256_exact_duplicate_keep_one
567e46db6381d596f861aa15c94b7e89e6b1dc01a667a49aa514afbde7736e16,D:\AIUB\DSP\Code\Datasets\C8\RetinalOCT_Dataset\test\DME\dme_test_1032.jpg,D:\AIUB\DSP\Code\Datasets\C8\RetinalOCT_Dataset\train\DME\dme_train_1221.jpg,test,train,DME,sha256_exact_duplicate_keep_one
156128a34e8d34906d012e65ea38c89b4610b610b31d18166f965c2620c505e1,D:\AIUB\DSP\Code\Datasets\C8\RetinalOCT_Dataset\test\DME\dme_test_1044.jpg,D:\AIUB\DSP\Code\Datasets\C8\RetinalOCT_Dataset\test\DME\dme_test_1045.jpg,test,test,DME,sha256_exact_duplicate_keep_one
87b15ae51ae8d3944f395ca08b0aadcd1d9fb23574472cc3d5d4420495362ab1,D:\AIUB\DSP\Code\Datasets\C8\RetinalOCT_Dataset\test\DME\dme_test_1149.jpg,D:\AIUB\DSP\Code\Datasets\C8\RetinalOCT_Dataset\train\DME\dme_train_1983.jpg,test,train,DME,sha256_exact_duplicate_keep_one
0dc50c02037d04304cf9e9b763c3725945030af9b5b032abf8c8cf590fba31fd,D:\AIUB\DSP\Code\Datasets\C8\RetinalOCT_Dataset\test\DRUSEN\drusen_test_1002.jpg,D:\AIUB\DSP\Code\Datasets\C8\RetinalOCT_Dataset\train\DRUSEN\drusen_train_3159.jpg,test,train,DRUSEN,sha256_exact_duplicate_keep_one
6c2b6904dc6f0d439993c9541c31401f655fa20ed51a4e5bfdbee61e14eddef2,D:\AIUB\DSP\Code\Datasets\C8\RetinalOCT_Dataset\test\DRUSEN\drusen_test_1004.jpg,D:\AIUB\DSP\Code\Datasets\C8\RetinalOCT_Dataset\val\DRUSEN\drusen_val_1005.jpg,test,val,DRUSEN,sha256_exact_duplicate_keep_one
e7d6518a3412d5ae5aa9726c85c28f93454054ee6f324218b3c402dc1f15ae7f,D:\AIUB\DSP\Code\Datasets\C8\RetinalOCT_Dataset\test\DRUSEN\drusen_test_1127.jpg,D:\AIUB\DSP\Code\Datasets\C8\RetinalOCT_Dataset\train\DRUSEN\drusen_train_1424.jpg,test,train,DRUSEN,sha256_exact_duplicate_keep_one
43151a6dd68b68d352160ff0cddc10713b6593aefb0b610bcfdbaa5e9469efa6,D:\AIUB\DSP\Code\Datasets\C8\RetinalOCT_Dataset\test\DRUSEN\drusen_test_1133.jpg,D:\AIUB\DSP\Code\Datasets\C8\RetinalOCT_Dataset\train\DRUSEN\drusen_train_1478.jpg,test,train,DRUSEN,sha256_exact_duplicate_keep_one
6c7719539cc02fe0b6755a0ae6da3d6305950b3f57914155758a9a2f79a6d257,D:\AIUB\DSP\Code\Datasets\C8\RetinalOCT_Dataset\test\DRUSEN\drusen_test_1249.jpg,D:\AIUB\DSP\Code\Datasets\C8\RetinalOCT_Dataset\train\DRUSEN\drusen_train_2487.jpg,test,train,DRUSEN,sha256_exact_duplicate_keep_one
e1bb6b5834098d7baf5d8ffa3c7c56527596953e60ea22cb43778eabb4c1d367,D:\AIUB\DSP\Code\Datasets\C8\RetinalOCT_Dataset\test\DRUSEN\drusen_test_1251.jpg,D:\AIUB\DSP\Code\Datasets\C8\RetinalOCT_Dataset\train\DRUSEN\drusen_train_2518.jpg,test,train,DRUSEN,sha256_exact_duplicate_keep_one
5da29b33bc2edcc987eeb064c808805dd4115530bc46eb263c4ce6bd7a2767e9,D:\AIUB\DSP\Code\Datasets\C8\RetinalOCT_Dataset\test\DRUSEN\drusen_test_1252.jpg,D:\AIUB\DSP\Code\Datasets\C8\RetinalOCT_Dataset\train\DRUSEN\drusen_train_2526.jpg,test,train,DRUSEN,sha256_exact_duplicate_keep_one
d79f48e2b18081cbfb99c54826b150385b2f78f052d6617d876c5f8f7764bd81,D:\AIUB\DSP\Code\Datasets\C8\RetinalOCT_Dataset\test\DRUSEN\drusen_test_1264.jpg,D:\AIUB\DSP\Code\Datasets\C8\RetinalOCT_Dataset\train\DRUSEN\drusen_train_2649.jpg,test,train,DRUSEN,sha256_exact_duplicate_keep_one
750fe93031877e800b2657b785e449af18516ea1e3f405f540ab921d48b5774f,D:\AIUB\DSP\Code\Datasets\C8\RetinalOCT_Dataset\test\DRUSEN\drusen_test_1276.jpg,D:\AIUB\DSP\Code\Datasets\C8\RetinalOCT_Dataset\train\DRUSEN\drusen_train_2717.jpg,test,train,DRUSEN,sha256_exact_duplicate_keep_one
75275ac9b202fa33af8424732500638447ddf42d1f4698bbf72c6be282e46787,D:\AIUB\DSP\Code\Datasets\C8\RetinalOCT_Dataset\test\DRUSEN\drusen_test_1277.jpg,D:\AIUB\DSP\Code\Datasets\C8\RetinalOCT_Dataset\test\DRUSEN\drusen_test_1278.jpg,test,test,DRUSEN,sha256_exact_duplicate_keep_one
ec33615e340339bc73c57ccbe8d3f2701fb170849b4e9d0c0ebe3bc07cc3a2f0,D:\AIUB\DSP\Code\Datasets\C8\RetinalOCT_Dataset\test\DRUSEN\drusen_test_1283.jpg,D:\AIUB\DSP\Code\Datasets\C8\RetinalOCT_Dataset\train\DRUSEN\drusen_train_2750.jpg,test,train,DRUSEN,sha256_exact_duplicate_keep_one
8a7d68f324f61243cf4825fdd427e51afd0d8ad7af1378ef7d34c6a9d4f873e5,D:\AIUB\DSP\Code\Datasets\C8\RetinalOCT_Dataset\test\DRUSEN\drusen_test_1296.jpg,D:\AIUB\DSP\Code\Datasets\C8\RetinalOCT_Dataset\train\DRUSEN\drusen_train_2815.jpg,test,train,DRUSEN,sha256_exact_duplicate_keep_one
785f5b8e8c3092dd8aec9728cc8c87457079a98f39b81dab63c55830cd4e496b,D:\AIUB\DSP\Code\Datasets\C8\RetinalOCT_Dataset\test\DRUSEN\drusen_test_1297.jpg,D:\AIUB\DSP\Code\Datasets\C8\RetinalOCT_Dataset\train\DRUSEN\drusen_train_2823.jpg,test,train,DRUSEN,sha256_exact_duplicate_keep_one
928eeef2ab1f449cce20de6e12756d7f9b1e1bc114286f76ad0cf068bc9d3fd5,D:\AIUB\DSP\Code\Datasets\C8\RetinalOCT_Dataset\test\NORMAL\normal_test_1120.jpg,D:\AIUB\DSP\Code\Datasets\C8\RetinalOCT_Dataset\test\NORMAL\normal_test_1121.jpg,test,test,NORMAL,sha256_exact_duplicate_keep_one
4944feb86db6fd575854745019da37e5710af4c54728abc13b0bb81df6886c87,D:\AIUB\DSP\Code\Datasets\C8\RetinalOCT_Dataset\train\CNV\cnv_train_1002.jpg,D:\AIUB\DSP\Code\Datasets\C8\RetinalOCT_Dataset\train\CNV\cnv_train_1003.jpg,train,train,CNV,sha256_exact_duplicate_keep_one
855a3eb3878b96231c3347a7df568c728455bc928ca1ef8543daa04883ae0add,D:\AIUB\DSP\Code\Datasets\C8\RetinalOCT_Dataset\val\CNV\cnv_val_1002.jpg,D:\AIUB\DSP\Code\Datasets\C8\RetinalOCT_Dataset\train\CNV\cnv_train_1020.jpg,val,train,CNV,sha256_exact_duplicate_keep_one
21150b88795dcdf818edef21caac923f11eb357f44a281e280f8a1e274bec858,D:\AIUB\DSP\Code\Datasets\C8\RetinalOCT_Dataset\train\CNV\cnv_train_1055.jpg,D:\AIUB\DSP\Code\Datasets\C8\RetinalOCT_Dataset\train\CNV\cnv_train_1056.jpg,train,train,CNV,sha256_exact_duplicate_keep_one
88a8b14ecd48e1892f9137727f4ce712d9b3f37557f3e030d5d6421245046700,D:\AIUB\DSP\Code\Datasets\C8\RetinalOCT_Dataset\train\CNV\cnv_train_1175.jpg,D:\AIUB\DSP\Code\Datasets\C8\RetinalOCT_Dataset\train\CNV\cnv_train_1178.jpg,train,train,CNV,sha256_exact_duplicate_keep_one
8061b95ccafd8273d4cafd5f084aed097da4f54ea788a9598ac66958baa0e4d1,D:\AIUB\DSP\Code\Datasets\C8\RetinalOCT_Dataset\train\CNV\cnv_train_1180.jpg,D:\AIUB\DSP\Code\Datasets\C8\RetinalOCT_Dataset\train\CNV\cnv_train_1181.jpg,train,train,CNV,sha256_exact_duplicate_keep_one
f6405cdf02f3df3be624823fd863370afdd82e8c985e9e27fe79ca35fe82b86b,D:\AIUB\DSP\Code\Datasets\C8\RetinalOCT_Dataset\train\CNV\cnv_train_1183.jpg,D:\AIUB\DSP\Code\Datasets\C8\RetinalOCT_Dataset\train\CNV\cnv_train_1184.jpg,train,train,CNV,sha256_exact_duplicate_keep_one
603419d2cdab236b2b567954a743d6eddffe720d18ee077de4fdaeb7c0288eba,D:\AIUB\DSP\Code\Datasets\C8\RetinalOCT_Dataset\train\CNV\cnv_train_1189.jpg,D:\AIUB\DSP\Code\Datasets\C8\RetinalOCT_Dataset\train\CNV\cnv_train_1190.jpg,train,train,CNV,sha256_exact_duplicate_keep_one
936279044716228d084394913436f2b92be42ff3c31d0b7cc8419f8d882ce7c7,D:\AIUB\DSP\Code\Datasets\C8\RetinalOCT_Dataset\train\CNV\cnv_train_1213.jpg,D:\AIUB\DSP\Code\Datasets\C8\RetinalOCT_Dataset\train\CNV\cnv_train_1214.jpg,train,train,CNV,sha256_exact_duplicate_keep_one
2575fa5faf05d7b00d2589195505fa0d3682d01f932360e2c9f08c0038e29446,D:\AIUB\DSP\Code\Datasets\C8\RetinalOCT_Dataset\val\CNV\cnv_val_1006.jpg,D:\AIUB\DSP\Code\Datasets\C8\RetinalOCT_Dataset\train\CNV\cnv_train_1222.jpg,val,train,CNV,sha256_exact_duplicate_keep_one
4304e7467a2e180b4046c14efebe9c2be453fbc47a797c6a5330fbdd178f2bb1,D:\AIUB\DSP\Code\Datasets\C8\RetinalOCT_Dataset\train\CNV\cnv_train_1281.jpg,D:\AIUB\DSP\Code\Datasets\C8\RetinalOCT_Dataset\train\CNV\cnv_train_1282.jpg,train,train,CNV,sha256_exact_duplicate_keep_one
f00053daaea4e9792e22d05cf0d156fb33f6b0562a94c2922cabadc90589c249,D:\AIUB\DSP\Code\Datasets\C8\RetinalOCT_Dataset\train\CNV\cnv_train_1310.jpg,D:\AIUB\DSP\Code\Datasets\C8\RetinalOCT_Dataset\train\CNV\cnv_train_1311.jpg,train,train,CNV,sha256_exact_duplicate_keep_one
c85e605769591e79a41462acc6b87cae42df429be1629e820dc380e9d192f86f,D:\AIUB\DSP\Code\Datasets\C8\RetinalOCT_Dataset\train\CNV\cnv_train_1849.jpg,D:\AIUB\DSP\Code\Datasets\C8\RetinalOCT_Dataset\train\CNV\cnv_train_1850.jpg,train,train,CNV,sha256_exact_duplicate_keep_one
54a563e4e8dd09e0c9b7e1378c662afa1384d281656ee34f7b9ba04bf657db3e,D:\AIUB\DSP\Code\Datasets\C8\RetinalOCT_Dataset\train\CNV\cnv_train_2192.jpg,D:\AIUB\DSP\Code\Datasets\C8\RetinalOCT_Dataset\train\CNV\cnv_train_2193.jpg,train,train,CNV,sha256_exact_duplicate_keep_one
b6a7c381176de14d9ff55f92fa0dc698364a943df0c63b1036b6c2ce797015ae,D:\AIUB\DSP\Code\Datasets\C8\RetinalOCT_Dataset\val\CNV\cnv_val_1225.jpg,D:\AIUB\DSP\Code\Datasets\C8\RetinalOCT_Dataset\train\CNV\cnv_train_2228.jpg,val,train,CNV,sha256_exact_duplicate_keep_one
c2de69badf60d34920e77a977bf18c79b62bdfaa8517eda06e8e3de03c350e65,D:\AIUB\DSP\Code\Datasets\C8\RetinalOCT_Dataset\train\CNV\cnv_train_2248.jpg,D:\AIUB\DSP\Code\Datasets\C8\RetinalOCT_Dataset\train\CNV\cnv_train_2251.jpg,train,train,CNV,sha256_exact_duplicate_keep_one
20c1dd5dc409c305d182986f2799229c73a3e5d53506985cf950c365b03ceb72,D:\AIUB\DSP\Code\Datasets\C8\RetinalOCT_Dataset\train\CNV\cnv_train_2262.jpg,D:\AIUB\DSP\Code\Datasets\C8\RetinalOCT_Dataset\train\CNV\cnv_train_2263.jpg,train,train,CNV,sha256_exact_duplicate_keep_one
e922b7dede32048add4aac7bfd92a7cee2feb48d2c55e8b20eca91dfd77823f2,D:\AIUB\DSP\Code\Datasets\C8\RetinalOCT_Dataset\train\CNV\cnv_train_2312.jpg,D:\AIUB\DSP\Code\Datasets\C8\RetinalOCT_Dataset\train\CNV\cnv_train_2313.jpg,train,train,CNV,sha256_exact_duplicate_keep_one
4afbd12457afd6031e4c071668a1e54286b54e7362469b51e669bf4cc5eead8b,D:\AIUB\DSP\Code\Datasets\C8\RetinalOCT_Dataset\train\CNV\cnv_train_2316.jpg,D:\AIUB\DSP\Code\Datasets\C8\RetinalOCT_Dataset\train\CNV\cnv_train_2317.jpg,train,train,CNV,sha256_exact_duplicate_keep_one
7ef6eba3287ddf3b62868a4742eb69060ee23076b0b3a5e5491594de77c7b8d8,D:\AIUB\DSP\Code\Datasets\C8\RetinalOCT_Dataset\train\CNV\cnv_train_2324.jpg,D:\AIUB\DSP\Code\Datasets\C8\RetinalOCT_Dataset\train\CNV\cnv_train_2325.jpg,train,train,CNV,sha256_exact_duplicate_keep_one
4a94430659c22253b76b55467cce15cb363302d9e11b79b5ce2339194a9a37e7,D:\AIUB\DSP\Code\Datasets\C8\RetinalOCT_Dataset\train\CNV\cnv_train_2338.jpg,D:\AIUB\DSP\Code\Datasets\C8\RetinalOCT_Dataset\train\CNV\cnv_train_2341.jpg,train,train,CNV,sha256_exact_duplicate_keep_one
54858d94fc6fcb60207e1ce6c62838195af138e17c672ee122b8a8cb4b9841d9,D:\AIUB\DSP\Code\Datasets\C8\RetinalOCT_Dataset\train\CNV\cnv_train_2339.jpg,D:\AIUB\DSP\Code\Datasets\C8\RetinalOCT_Dataset\train\CNV\cnv_train_2340.jpg,train,train,CNV,sha256_exact_duplicate_keep_one
d60c76f81703366f314988d75543c5609d1233d996a67291ee6fbfe9011cb57e,D:\AIUB\DSP\Code\Datasets\C8\RetinalOCT_Dataset\train\CNV\cnv_train_2638.jpg,D:\AIUB\DSP\Code\Datasets\C8\RetinalOCT_Dataset\train\CNV\cnv_train_2639.jpg,train,train,CNV,sha256_exact_duplicate_keep_one
010a9de14b7b4be01fd48de2e6fcdba152bccac52ced4f4051fd28d99b92beec,D:\AIUB\DSP\Code\Datasets\C8\RetinalOCT_Dataset\train\CNV\cnv_train_2690.jpg,D:\AIUB\DSP\Code\Datasets\C8\RetinalOCT_Dataset\train\CNV\cnv_train_2691.jpg,train,train,CNV,sha256_exact_duplicate_keep_one
4de42b2b52a2ebe8a3f310cd3b96fcf506f3ad5149fe1971cf5cdd3058f65888,D:\AIUB\DSP\Code\Datasets\C8\RetinalOCT_Dataset\train\CNV\cnv_train_2762.jpg,D:\AIUB\DSP\Code\Datasets\C8\RetinalOCT_Dataset\train\CNV\cnv_train_2763.jpg,train,train,CNV,sha256_exact_duplicate_keep_one
e9bff3a29b67c95b76cb74cbbfb5ae6685adc6bd1d01ac592febcbc1573047bf,D:\AIUB\DSP\Code\Datasets\C8\RetinalOCT_Dataset\val\CNV\cnv_val_1042.jpg,D:\AIUB\DSP\Code\Datasets\C8\RetinalOCT_Dataset\train\CNV\cnv_train_2994.jpg,val,train,CNV,sha256_exact_duplicate_keep_one
c26c8aa3c7a70e3465471022584cc3e3e8a4753264e42b327abb6e836396b143,D:\AIUB\DSP\Code\Datasets\C8\RetinalOCT_Dataset\val\CNV\cnv_val_1330.jpg,D:\AIUB\DSP\Code\Datasets\C8\RetinalOCT_Dataset\train\CNV\cnv_train_3106.jpg,val,train,CNV,sha256_exact_duplicate_keep_one
f6d547b4516deca5b622b02b35e3c1a29eca063576a29d3b9c677c4f0e2f7027,D:\AIUB\DSP\Code\Datasets\C8\RetinalOCT_Dataset\train\CNV\cnv_train_3172.jpg,D:\AIUB\DSP\Code\Datasets\C8\RetinalOCT_Dataset\train\CNV\cnv_train_3173.jpg,train,train,CNV,sha256_exact_duplicate_keep_one
d379da86b960a9c3d48f7ad5e62c5b90d615910347ab808fb52e2e3ab898d836,D:\AIUB\DSP\Code\Datasets\C8\RetinalOCT_Dataset\train\CNV\cnv_train_3180.jpg,D:\AIUB\DSP\Code\Datasets\C8\RetinalOCT_Dataset\train\CNV\cnv_train_3181.jpg,train,train,CNV,sha256_exact_duplicate_keep_one
a36af47609a9bd3e689b370d24250b80721f856902215af77134ca82bb98a867,D:\AIUB\DSP\Code\Datasets\C8\RetinalOCT_Dataset\train\CNV\cnv_train_3199.jpg,D:\AIUB\DSP\Code\Datasets\C8\RetinalOCT_Dataset\train\CNV\cnv_train_3200.jpg,train,train,CNV,sha256_exact_duplicate_keep_one
c7db3dab3d8733c27d2dda826aff0a86cb5d50d66515766395a73179c8259a38,D:\AIUB\DSP\Code\Datasets\C8\RetinalOCT_Dataset\train\CNV\cnv_train_3229.jpg,D:\AIUB\DSP\Code\Datasets\C8\RetinalOCT_Dataset\train\CNV\cnv_train_3230.jpg,train,train,CNV,sha256_exact_duplicate_keep_one
61e6bf80f80d765241268798571c21cc3e22737bf1d05ddb04621ad54f42e77f,D:\AIUB\DSP\Code\Datasets\C8\RetinalOCT_Dataset\train\CNV\cnv_train_3276.jpg,D:\AIUB\DSP\Code\Datasets\C8\RetinalOCT_Dataset\train\CNV\cnv_train_3277.jpg,train,train,CNV,sha256_exact_duplicate_keep_one
3d008a43fbf00bc23572a5c33aac9e841bfb6fd5244733da25d3c02ac2239510,D:\AIUB\DSP\Code\Datasets\C8\RetinalOCT_Dataset\train\CNV\cnv_train_3279.jpg,D:\AIUB\DSP\Code\Datasets\C8\RetinalOCT_Dataset\train\CNV\cnv_train_3280.jpg,train,train,CNV,sha256_exact_duplicate_keep_one
45a081487d798e70b0286fd7ba9427238d043e557e764580b79093f02e4435ef,D:\AIUB\DSP\Code\Datasets\C8\RetinalOCT_Dataset\train\CNV\cnv_train_3281.jpg,D:\AIUB\DSP\Code\Datasets\C8\RetinalOCT_Dataset\train\CNV\cnv_train_3282.jpg,train,train,CNV,sha256_exact_duplicate_keep_one
6fdd949701132b0256191e96ec722f471a8d822f560b1ad900d8a7d4cc18ec37,D:\AIUB\DSP\Code\Datasets\C8\RetinalOCT_Dataset\val\CNV\cnv_val_1350.jpg,D:\AIUB\DSP\Code\Datasets\C8\RetinalOCT_Dataset\train\CNV\cnv_train_3300.jpg,val,train,CNV,sha256_exact_duplicate_keep_one
f621d3a226db8b6bbabb95ff0ccc60cbc2d0f85b1e2f765a781ab4dc0c5984da,D:\AIUB\DSP\Code\Datasets\C8\RetinalOCT_Dataset\train\DME\dme_train_1023.jpg,D:\AIUB\DSP\Code\Datasets\C8\RetinalOCT_Dataset\train\DME\dme_train_1024.jpg,train,train,DME,sha256_exact_duplicate_keep_one
2ac56d41b33a55600670099de9c880a86c71e38336ea3843d21d59c2464fe656,D:\AIUB\DSP\Code\Datasets\C8\RetinalOCT_Dataset\train\DME\dme_train_1028.jpg,D:\AIUB\DSP\Code\Datasets\C8\RetinalOCT_Dataset\train\DME\dme_train_1029.jpg,train,train,DME,sha256_exact_duplicate_keep_one
fcf4b9fc0d0413f438b85c21f43a26cf7bb20421974bba5bb194b974c96cee1a,D:\AIUB\DSP\Code\Datasets\C8\RetinalOCT_Dataset\train\DME\dme_train_1036.jpg,D:\AIUB\DSP\Code\Datasets\C8\RetinalOCT_Dataset\train\DME\dme_train_1037.jpg,train,train,DME,sha256_exact_duplicate_keep_one
8459ba28a21f910b0602efc999350782a52a04ac91e6461a7fca7f32fcf3082d,D:\AIUB\DSP\Code\Datasets\C8\RetinalOCT_Dataset\train\DME\dme_train_1056.jpg,D:\AIUB\DSP\Code\Datasets\C8\RetinalOCT_Dataset\train\DME\dme_train_1057.jpg,train,train,DME,sha256_exact_duplicate_keep_one
a8d024d76d24b14aecbc991921c7d2c71db4ea488d9d96a7969660ee4e8300b4,D:\AIUB\DSP\Code\Datasets\C8\RetinalOCT_Dataset\train\DME\dme_train_1065.jpg,D:\AIUB\DSP\Code\Datasets\C8\RetinalOCT_Dataset\train\DME\dme_train_1066.jpg,train,train,DME,sha256_exact_duplicate_keep_one
9110721886f423a7a9e0afbd8cb83bb84ba642aa80c9fba1c4422bb293301fce,D:\AIUB\DSP\Code\Datasets\C8\RetinalOCT_Dataset\train\DME\dme_train_1214.jpg,D:\AIUB\DSP\Code\Datasets\C8\RetinalOCT_Dataset\train\DME\dme_train_1215.jpg,train,train,DME,sha256_exact_duplicate_keep_one
cdede19a88c99a6a7d1520d658d27e89e8578d70b181da39b6d0dd4bd73987ce,D:\AIUB\DSP\Code\Datasets\C8\RetinalOCT_Dataset\train\DME\dme_train_1219.jpg,D:\AIUB\DSP\Code\Datasets\C8\RetinalOCT_Dataset\train\DME\dme_train_1220.jpg,train,train,DME,sha256_exact_duplicate_keep_one
72dc8f0d622cda414b78f4db98f4b21e7c95e6d1a7dd49c00034531381d1c0d9,D:\AIUB\DSP\Code\Datasets\C8\RetinalOCT_Dataset\val\DME\dme_val_1077.jpg,D:\AIUB\DSP\Code\Datasets\C8\RetinalOCT_Dataset\train\DME\dme_train_1501.jpg,val,train,DME,sha256_exact_duplicate_keep_one
965e295172a04421cce2b16d8933760208ec16b915284832148130badbd46e94,D:\AIUB\DSP\Code\Datasets\C8\RetinalOCT_Dataset\train\DME\dme_train_1650.jpg,D:\AIUB\DSP\Code\Datasets\C8\RetinalOCT_Dataset\train\DME\dme_train_1651.jpg,train,train,DME,sha256_exact_duplicate_keep_one
e127ad88e6dc36f2b5018c9ff72e51ba9944fdf003877735930167c1403ed609,D:\AIUB\DSP\Code\Datasets\C8\RetinalOCT_Dataset\train\DME\dme_train_1711.jpg,D:\AIUB\DSP\Code\Datasets\C8\RetinalOCT_Dataset\train\DME\dme_train_1712.jpg,train,train,DME,sha256_exact_duplicate_keep_one
2229f2d57ecf9f3208215052fc536e89c320c8e736c0b759fe8edc41f06cd33a,D:\AIUB\DSP\Code\Datasets\C8\RetinalOCT_Dataset\train\DME\dme_train_1714.jpg,D:\AIUB\DSP\Code\Datasets\C8\RetinalOCT_Dataset\train\DME\dme_train_1715.jpg,train,train,DME,sha256_exact_duplicate_keep_one
ad98e01b8cd8dab37a7a336fc44d9bae612a4384d6a2dc6d204fdd400c640a69,D:\AIUB\DSP\Code\Datasets\C8\RetinalOCT_Dataset\train\DME\dme_train_1718.jpg,D:\AIUB\DSP\Code\Datasets\C8\RetinalOCT_Dataset\train\DME\dme_train_1719.jpg,train,train,DME,sha256_exact_duplicate_keep_one
0adfd3cc8d56572c99acec8d8f2019d2c8865f09fcfa60533e0b9e631138eaae,D:\AIUB\DSP\Code\Datasets\C8\RetinalOCT_Dataset\val\DME\dme_val_1124.jpg,D:\AIUB\DSP\Code\Datasets\C8\RetinalOCT_Dataset\train\DME\dme_train_1757.jpg,val,train,DME,sha256_exact_duplicate_keep_one
bf0684d47d98449e7c302d2769c39d9e4f96fa02b6fff5ef560b259dc9836693,D:\AIUB\DSP\Code\Datasets\C8\RetinalOCT_Dataset\val\DME\dme_val_1125.jpg,D:\AIUB\DSP\Code\Datasets\C8\RetinalOCT_Dataset\train\DME\dme_train_1760.jpg,val,train,DME,sha256_exact_duplicate_keep_one
0426a930fc25597efc4b95026812a86a130317c2337680abc672d56636b06f1f,D:\AIUB\DSP\Code\Datasets\C8\RetinalOCT_Dataset\train\DME\dme_train_1772.jpg,D:\AIUB\DSP\Code\Datasets\C8\RetinalOCT_Dataset\train\DME\dme_train_1773.jpg,train,train,DME,sha256_exact_duplicate_keep_one
ed30c9d5caa27700be11201f1b865af6a9180ee5bf3fcb57a3f8b1c877d56127,D:\AIUB\DSP\Code\Datasets\C8\RetinalOCT_Dataset\train\DME\dme_train_1777.jpg,D:\AIUB\DSP\Code\Datasets\C8\RetinalOCT_Dataset\train\DME\dme_train_1778.jpg,train,train,DME,sha256_exact_duplicate_keep_one
ffacd1c1b0a4b062c28f5c413898c2a533b6440685c6f327590bd677816c4128,D:\AIUB\DSP\Code\Datasets\C8\RetinalOCT_Dataset\train\DME\dme_train_1782.jpg,D:\AIUB\DSP\Code\Datasets\C8\RetinalOCT_Dataset\train\DME\dme_train_1783.jpg,train,train,DME,sha256_exact_duplicate_keep_one
56e5adf8dddc1b784a25314ef4cb04f2a42e4451e07280c6e45fd49556793ca5,D:\AIUB\DSP\Code\Datasets\C8\RetinalOCT_Dataset\train\DME\dme_train_1800.jpg,D:\AIUB\DSP\Code\Datasets\C8\RetinalOCT_Dataset\train\DME\dme_train_1801.jpg,train,train,DME,sha256_exact_duplicate_keep_one
ef86f28e6fe841042731cf70ac1ad5822f0b0d11c9f768c8cc16f202e14b4177,D:\AIUB\DSP\Code\Datasets\C8\RetinalOCT_Dataset\train\DME\dme_train_1970.jpg,D:\AIUB\DSP\Code\Datasets\C8\RetinalOCT_Dataset\train\DME\dme_train_1971.jpg,train,train,DME,sha256_exact_duplicate_keep_one
3283a12386622faaaec8ac140000c15eeb0d8ce54bba9d30950b0d4a6f6330a8,D:\AIUB\DSP\Code\Datasets\C8\RetinalOCT_Dataset\val\DME\dme_val_1154.jpg,D:\AIUB\DSP\Code\Datasets\C8\RetinalOCT_Dataset\train\DME\dme_train_1974.jpg,val,train,DME,sha256_exact_duplicate_keep_one
51ee4005adf26109773f1360e444ff1515618f405fb2d2db697d7a8a30c13228,D:\AIUB\DSP\Code\Datasets\C8\RetinalOCT_Dataset\val\DME\dme_val_1159.jpg,D:\AIUB\DSP\Code\Datasets\C8\RetinalOCT_Dataset\train\DME\dme_train_2033.jpg,val,train,DME,sha256_exact_duplicate_keep_one
adb72fe42b7b0a491cf21a2df2c5f63aa5aa9f2673ed3b2aa26a3f022afe944d,D:\AIUB\DSP\Code\Datasets\C8\RetinalOCT_Dataset\val\DME\dme_val_1175.jpg,D:\AIUB\DSP\Code\Datasets\C8\RetinalOCT_Dataset\train\DME\dme_train_2150.jpg,val,train,DME,sha256_exact_duplicate_keep_one
2d1f17e6923188b4897368f81b96813f0321ec0fbcb427443eac1b9b5d425df5,D:\AIUB\DSP\Code\Datasets\C8\RetinalOCT_Dataset\train\DME\dme_train_2239.jpg,D:\AIUB\DSP\Code\Datasets\C8\RetinalOCT_Dataset\train\DME\dme_train_2240.jpg,train,train,DME,sha256_exact_duplicate_keep_one
a4dce7a1f2d6a77fbc7a90cc74b1bef1e8a0be1e0f06f99467c6a0ce43cba59b,D:\AIUB\DSP\Code\Datasets\C8\RetinalOCT_Dataset\val\DME\dme_val_1190.jpg,D:\AIUB\DSP\Code\Datasets\C8\RetinalOCT_Dataset\train\DME\dme_train_2243.jpg,val,train,DME,sha256_exact_duplicate_keep_one
7671bccb087d3ecd4f180fc79acf74ff6787b16b388e6b6ffc5154a0080c99e1,D:\AIUB\DSP\Code\Datasets\C8\RetinalOCT_Dataset\train\DME\dme_train_2293.jpg,D:\AIUB\DSP\Code\Datasets\C8\RetinalOCT_Dataset\train\DME\dme_train_2294.jpg,train,train,DME,sha256_exact_duplicate_keep_one
a06f080fe79c1dcaf6d601e136e785282dffa5a69cb412fca81254354ef6da7b,D:\AIUB\DSP\Code\Datasets\C8\RetinalOCT_Dataset\val\DME\dme_val_1205.jpg,D:\AIUB\DSP\Code\Datasets\C8\RetinalOCT_Dataset\train\DME\dme_train_2362.jpg,val,train,DME,sha256_exact_duplicate_keep_one
20090c14c87961b98f0508f643632854c9b86c5219fca4ff7cc75cc9c0396a45,D:\AIUB\DSP\Code\Datasets\C8\RetinalOCT_Dataset\train\DRUSEN\drusen_train_1039.jpg,D:\AIUB\DSP\Code\Datasets\C8\RetinalOCT_Dataset\train\DRUSEN\drusen_train_1040.jpg,train,train,DRUSEN,sha256_exact_duplicate_keep_one
55cb0dbba130017acbd701567319536e0e91f957d686a0b45b2066d31a914b52,D:\AIUB\DSP\Code\Datasets\C8\RetinalOCT_Dataset\train\DRUSEN\drusen_train_1041.jpg,D:\AIUB\DSP\Code\Datasets\C8\RetinalOCT_Dataset\train\DRUSEN\drusen_train_1042.jpg,train,train,DRUSEN,sha256_exact_duplicate_keep_one
eb097931c6660772631db247a37056ceae082659dfd466c32f38316b09ab7cac,D:\AIUB\DSP\Code\Datasets\C8\RetinalOCT_Dataset\train\DRUSEN\drusen_train_1044.jpg,D:\AIUB\DSP\Code\Datasets\C8\RetinalOCT_Dataset\train\DRUSEN\drusen_train_1045.jpg,train,train,DRUSEN,sha256_exact_duplicate_keep_one
db6e3fc3556a609f854219e4f3533fceffae22030296d49087ad3d628d3708dd,D:\AIUB\DSP\Code\Datasets\C8\RetinalOCT_Dataset\train\DRUSEN\drusen_train_1046.jpg,D:\AIUB\DSP\Code\Datasets\C8\RetinalOCT_Dataset\train\DRUSEN\drusen_train_1047.jpg,train,train,DRUSEN,sha256_exact_duplicate_keep_one
d4c717760269be3495d028ccc20b82efaf37ae7afcb0c90a4acba1ff21b3b3c2,D:\AIUB\DSP\Code\Datasets\C8\RetinalOCT_Dataset\train\DRUSEN\drusen_train_1084.jpg,D:\AIUB\DSP\Code\Datasets\C8\RetinalOCT_Dataset\train\DRUSEN\drusen_train_1085.jpg,train,train,DRUSEN,sha256_exact_duplicate_keep_one
0ad941d12c077bb99ba2aa216a83bb444dce83d2da0075aaba8242b49347c1a5,D:\AIUB\DSP\Code\Datasets\C8\RetinalOCT_Dataset\train\DRUSEN\drusen_train_1103.jpg,D:\AIUB\DSP\Code\Datasets\C8\RetinalOCT_Dataset\train\DRUSEN\drusen_train_1104.jpg,train,train,DRUSEN,sha256_exact_duplicate_keep_one
f912899b100fefa2445e12e05f4038e74f41a7ca3cd96caf2d249b0b3684a939,D:\AIUB\DSP\Code\Datasets\C8\RetinalOCT_Dataset\val\DRUSEN\drusen_val_1074.jpg,D:\AIUB\DSP\Code\Datasets\C8\RetinalOCT_Dataset\train\DRUSEN\drusen_train_1211.jpg,val,train,DRUSEN,sha256_exact_duplicate_keep_one
ec35f2576f72fc292f2f4b40796bf10ca573b221066701a40dff610d697e565b,D:\AIUB\DSP\Code\Datasets\C8\RetinalOCT_Dataset\train\DRUSEN\drusen_train_1385.jpg,D:\AIUB\DSP\Code\Datasets\C8\RetinalOCT_Dataset\train\DRUSEN\drusen_train_1386.jpg,train,train,DRUSEN,sha256_exact_duplicate_keep_one
768da84dc1342e154804a1ca104760ddc1baef6d570a87460f322df733760ef9,D:\AIUB\DSP\Code\Datasets\C8\RetinalOCT_Dataset\train\DRUSEN\drusen_train_1390.jpg,D:\AIUB\DSP\Code\Datasets\C8\RetinalOCT_Dataset\train\DRUSEN\drusen_train_1391.jpg,train,train,DRUSEN,sha256_exact_duplicate_keep_one
0fe6aa9f512468f6e27f7ef7c9cfd15514fca95c8da404fe66a04bac2853d9e3,D:\AIUB\DSP\Code\Datasets\C8\RetinalOCT_Dataset\train\DRUSEN\drusen_train_1408.jpg,D:\AIUB\DSP\Code\Datasets\C8\RetinalOCT_Dataset\train\DRUSEN\drusen_train_1409.jpg,train,train,DRUSEN,sha256_exact_duplicate_keep_one
ee709c40e334acacb8159bc04b1b26360fbf575836a050d5a7bf5f86d17c3fa2,D:\AIUB\DSP\Code\Datasets\C8\RetinalOCT_Dataset\train\DRUSEN\drusen_train_1412.jpg,D:\AIUB\DSP\Code\Datasets\C8\RetinalOCT_Dataset\train\DRUSEN\drusen_train_1413.jpg,train,train,DRUSEN,sha256_exact_duplicate_keep_one
92257cc97f85a51d0beb4e091190bb2e4ebdffed3d325ddd89c3852e03e20cd5,D:\AIUB\DSP\Code\Datasets\C8\RetinalOCT_Dataset\train\DRUSEN\drusen_train_1416.jpg,D:\AIUB\DSP\Code\Datasets\C8\RetinalOCT_Dataset\train\DRUSEN\drusen_train_1417.jpg,train,train,DRUSEN,sha256_exact_duplicate_keep_one
ba9e3530821ac68e1580ccc6d6e4a26cfc5d14c346a282e1cecb619998962059,D:\AIUB\DSP\Code\Datasets\C8\RetinalOCT_Dataset\train\DRUSEN\drusen_train_1422.jpg,D:\AIUB\DSP\Code\Datasets\C8\RetinalOCT_Dataset\train\DRUSEN\drusen_train_1423.jpg,train,train,DRUSEN,sha256_exact_duplicate_keep_one
4974b2de7dbfae03d8bab9d611c97384dcbec8a151221bdb9f9ab787eb4ed75f,D:\AIUB\DSP\Code\Datasets\C8\RetinalOCT_Dataset\val\DRUSEN\drusen_val_1103.jpg,D:\AIUB\DSP\Code\Datasets\C8\RetinalOCT_Dataset\train\DRUSEN\drusen_train_1431.jpg,val,train,DRUSEN,sha256_exact_duplicate_keep_one
f5e3850cd64001cb3400b263e5a4eebacdfe215275de713cfd0f6d191a586e5e,D:\AIUB\DSP\Code\Datasets\C8\RetinalOCT_Dataset\train\DRUSEN\drusen_train_1440.jpg,D:\AIUB\DSP\Code\Datasets\C8\RetinalOCT_Dataset\train\DRUSEN\drusen_train_1441.jpg,train,train,DRUSEN,sha256_exact_duplicate_keep_one
940e54a89081106f7ef2ec10a651d54af05c5db971e0366c9c8e8ae073b3a2c9,D:\AIUB\DSP\Code\Datasets\C8\RetinalOCT_Dataset\train\DRUSEN\drusen_train_1449.jpg,D:\AIUB\DSP\Code\Datasets\C8\RetinalOCT_Dataset\train\DRUSEN\drusen_train_1452.jpg,train,train,DRUSEN,sha256_exact_duplicate_keep_one
e93572f21584b12599d8ac790bee33e79df5e41c0479fea7c4d6a0f0f9a62ad5,D:\AIUB\DSP\Code\Datasets\C8\RetinalOCT_Dataset\train\DRUSEN\drusen_train_1488.jpg,D:\AIUB\DSP\Code\Datasets\C8\RetinalOCT_Dataset\train\DRUSEN\drusen_train_1489.jpg,train,train,DRUSEN,sha256_exact_duplicate_keep_one
ad083078b5daa420152cceb4fe202751423bdc40e5a1e06a8277c57d124f12b1,D:\AIUB\DSP\Code\Datasets\C8\RetinalOCT_Dataset\val\DRUSEN\drusen_val_1116.jpg,D:\AIUB\DSP\Code\Datasets\C8\RetinalOCT_Dataset\train\DRUSEN\drusen_train_1508.jpg,val,train,DRUSEN,sha256_exact_duplicate_keep_one
fc858e121c38488e3ba242b8b654d0228e3eb8936915885ce345ee2bcdcf1b07,D:\AIUB\DSP\Code\Datasets\C8\RetinalOCT_Dataset\val\DRUSEN\drusen_val_1117.jpg,D:\AIUB\DSP\Code\Datasets\C8\RetinalOCT_Dataset\train\DRUSEN\drusen_train_1519.jpg,val,train,DRUSEN,sha256_exact_duplicate_keep_one
bbda5edccd8566bd2b856eeb24f24595a276af4e55c740afece3558e1ec8cab1,D:\AIUB\DSP\Code\Datasets\C8\RetinalOCT_Dataset\train\DRUSEN\drusen_train_1571.jpg,D:\AIUB\DSP\Code\Datasets\C8\RetinalOCT_Dataset\train\DRUSEN\drusen_train_1572.jpg,train,train,DRUSEN,sha256_exact_duplicate_keep_one
c5254d253b7e5d39eafe59fca12ce1cde54fbfdac791e7fe7ee3dfa5cd09f973,D:\AIUB\DSP\Code\Datasets\C8\RetinalOCT_Dataset\train\DRUSEN\drusen_train_1749.jpg,D:\AIUB\DSP\Code\Datasets\C8\RetinalOCT_Dataset\train\DRUSEN\drusen_train_1750.jpg,train,train,DRUSEN,sha256_exact_duplicate_keep_one
bf08e79b3aaa6df0d35c1521484c000a75d80fa414e172ff66cad6495c0cb6f3,D:\AIUB\DSP\Code\Datasets\C8\RetinalOCT_Dataset\train\DRUSEN\drusen_train_1760.jpg,D:\AIUB\DSP\Code\Datasets\C8\RetinalOCT_Dataset\train\DRUSEN\drusen_train_1761.jpg,train,train,DRUSEN,sha256_exact_duplicate_keep_one
86c41b4ee6a3d7ff5738893ce0aad3ed5e14729c79b3bd4d3477af8afe7d1297,D:\AIUB\DSP\Code\Datasets\C8\RetinalOCT_Dataset\val\DRUSEN\drusen_val_1012.jpg,D:\AIUB\DSP\Code\Datasets\C8\RetinalOCT_Dataset\train\DRUSEN\drusen_train_1762.jpg,val,train,DRUSEN,sha256_exact_duplicate_keep_one
bdbef01dba4176c731506e9aa8ab122e13648d92261f548d37f1978cfe7c0174,D:\AIUB\DSP\Code\Datasets\C8\RetinalOCT_Dataset\train\DRUSEN\drusen_train_1878.jpg,D:\AIUB\DSP\Code\Datasets\C8\RetinalOCT_Dataset\train\DRUSEN\drusen_train_1879.jpg,train,train,DRUSEN,sha256_exact_duplicate_keep_one
e39a88a949a6609023f5eb2d1a1736790897fb741eda52b88e232de9c9746caa,D:\AIUB\DSP\Code\Datasets\C8\RetinalOCT_Dataset\train\DRUSEN\drusen_train_2461.jpg,D:\AIUB\DSP\Code\Datasets\C8\RetinalOCT_Dataset\train\DRUSEN\drusen_train_2462.jpg,train,train,DRUSEN,sha256_exact_duplicate_keep_one
5711b8ae28c5e1c5e48a25cf1fdfb3020f461f8c1bf00b033d163fecf4720bc2,D:\AIUB\DSP\Code\Datasets\C8\RetinalOCT_Dataset\train\DRUSEN\drusen_train_2463.jpg,D:\AIUB\DSP\Code\Datasets\C8\RetinalOCT_Dataset\train\DRUSEN\drusen_train_2464.jpg,train,train,DRUSEN,sha256_exact_duplicate_keep_one
9b09e2a5395e6fa5490281d7a0f3eeeefba6d684180d8833bd3d6187a77c8f4e,D:\AIUB\DSP\Code\Datasets\C8\RetinalOCT_Dataset\val\DRUSEN\drusen_val_1243.jpg,D:\AIUB\DSP\Code\Datasets\C8\RetinalOCT_Dataset\train\DRUSEN\drusen_train_2494.jpg,val,train,DRUSEN,sha256_exact_duplicate_keep_one
65b73c9a39ee4ec8b1343be00f8f4a361177a8ab52c8cc960580c205dc51be99,D:\AIUB\DSP\Code\Datasets\C8\RetinalOCT_Dataset\train\DRUSEN\drusen_train_2519.jpg,D:\AIUB\DSP\Code\Datasets\C8\RetinalOCT_Dataset\train\DRUSEN\drusen_train_2520.jpg,train,train,DRUSEN,sha256_exact_duplicate_keep_one
89c97973ca4915a74c52e221cd8d0837b8bb37c3a86687d6926c85294e7e4304,D:\AIUB\DSP\Code\Datasets\C8\RetinalOCT_Dataset\val\DRUSEN\drusen_val_1244.jpg,D:\AIUB\DSP\Code\Datasets\C8\RetinalOCT_Dataset\train\DRUSEN\drusen_train_2521.jpg,val,train,DRUSEN,sha256_exact_duplicate_keep_one
4da163dbba09c78b9ad4c53c687adbb817c18eafe60be362188fa63da7e5b685,D:\AIUB\DSP\Code\Datasets\C8\RetinalOCT_Dataset\train\DRUSEN\drusen_train_2562.jpg,D:\AIUB\DSP\Code\Datasets\C8\RetinalOCT_Dataset\train\DRUSEN\drusen_train_2563.jpg,train,train,DRUSEN,sha256_exact_duplicate_keep_one
4297ca0b84f6d872c50cda0c7a9a70d6c3a3306980e86be183db24e5d1840599,D:\AIUB\DSP\Code\Datasets\C8\RetinalOCT_Dataset\train\DRUSEN\drusen_train_2569.jpg,D:\AIUB\DSP\Code\Datasets\C8\RetinalOCT_Dataset\train\DRUSEN\drusen_train_2570.jpg,train,train,DRUSEN,sha256_exact_duplicate_keep_one
0770f0ddd4e872ad25037a695d8afddf5e322d056207b89067776238d6d71437,D:\AIUB\DSP\Code\Datasets\C8\RetinalOCT_Dataset\train\DRUSEN\drusen_train_2571.jpg,D:\AIUB\DSP\Code\Datasets\C8\RetinalOCT_Dataset\train\DRUSEN\drusen_train_2572.jpg,train,train,DRUSEN,sha256_exact_duplicate_keep_one
4d3bce2246af26a9889144a2b87ad7b3fd0e6170992976e5c2ba90b00eb57a97,D:\AIUB\DSP\Code\Datasets\C8\RetinalOCT_Dataset\val\DRUSEN\drusen_val_1251.jpg,D:\AIUB\DSP\Code\Datasets\C8\RetinalOCT_Dataset\train\DRUSEN\drusen_train_2580.jpg,val,train,DRUSEN,sha256_exact_duplicate_keep_one
89d9b73706f56e5d8f43ed1645219733f159c67e63ab3de1f989edd60dd86b90,D:\AIUB\DSP\Code\Datasets\C8\RetinalOCT_Dataset\train\DRUSEN\drusen_train_2596.jpg,D:\AIUB\DSP\Code\Datasets\C8\RetinalOCT_Dataset\train\DRUSEN\drusen_train_2597.jpg,train,train,DRUSEN,sha256_exact_duplicate_keep_one
21421dc5e892164ccb762afe35bd6abea80dc947746c1f87322665becf7b4725,D:\AIUB\DSP\Code\Datasets\C8\RetinalOCT_Dataset\train\DRUSEN\drusen_train_2604.jpg,D:\AIUB\DSP\Code\Datasets\C8\RetinalOCT_Dataset\train\DRUSEN\drusen_train_2606.jpg,train,train,DRUSEN,sha256_exact_duplicate_keep_one
74410a9b70a0df68a8b3b806c286239dc9762d8721553cb1f942596633bb82a3,D:\AIUB\DSP\Code\Datasets\C8\RetinalOCT_Dataset\train\DRUSEN\drusen_train_2642.jpg,D:\AIUB\DSP\Code\Datasets\C8\RetinalOCT_Dataset\train\DRUSEN\drusen_train_2643.jpg,train,train,DRUSEN,sha256_exact_duplicate_keep_one
00ca9d242b23815a83bc610092ac8c22215eeb3abe2b88e53b277c5a8607d971,D:\AIUB\DSP\Code\Datasets\C8\RetinalOCT_Dataset\val\DRUSEN\drusen_val_1268.jpg,D:\AIUB\DSP\Code\Datasets\C8\RetinalOCT_Dataset\train\DRUSEN\drusen_train_2660.jpg,val,train,DRUSEN,sha256_exact_duplicate_keep_one
5a97d729593d9c028fb44e5bedd0488dc62fbe8628902596ce3c6091d9d47b5a,D:\AIUB\DSP\Code\Datasets\C8\RetinalOCT_Dataset\train\DRUSEN\drusen_train_2669.jpg,D:\AIUB\DSP\Code\Datasets\C8\RetinalOCT_Dataset\train\DRUSEN\drusen_train_2670.jpg,train,train,DRUSEN,sha256_exact_duplicate_keep_one
88f7c4a906f302756d6e386f898b88cbe468b3c7f776acdde7e7df23f000cef2,D:\AIUB\DSP\Code\Datasets\C8\RetinalOCT_Dataset\train\DRUSEN\drusen_train_2677.jpg,D:\AIUB\DSP\Code\Datasets\C8\RetinalOCT_Dataset\train\DRUSEN\drusen_train_2678.jpg,train,train,DRUSEN,sha256_exact_duplicate_keep_one
093201313c07c977f1f6d9dbf37dd74cf9783462fec985c49f8498a8554e08ee,D:\AIUB\DSP\Code\Datasets\C8\RetinalOCT_Dataset\val\DRUSEN\drusen_val_1259.jpg,D:\AIUB\DSP\Code\Datasets\C8\RetinalOCT_Dataset\train\DRUSEN\drusen_train_2686.jpg,val,train,DRUSEN,sha256_exact_duplicate_keep_one
d2fdab90d9e37d7d51eebc8f2bfb06b212e64aed705fa8225d60015d35bd07e9,D:\AIUB\DSP\Code\Datasets\C8\RetinalOCT_Dataset\train\DRUSEN\drusen_train_2689.jpg,D:\AIUB\DSP\Code\Datasets\C8\RetinalOCT_Dataset\train\DRUSEN\drusen_train_2691.jpg,train,train,DRUSEN,sha256_exact_duplicate_keep_one
dee1348ce7c0e44af458d40b9bc582d77af77b383268ccf11f0238138ee37154,D:\AIUB\DSP\Code\Datasets\C8\RetinalOCT_Dataset\val\DRUSEN\drusen_val_1262.jpg,D:\AIUB\DSP\Code\Datasets\C8\RetinalOCT_Dataset\train\DRUSEN\drusen_train_2699.jpg,val,train,DRUSEN,sha256_exact_duplicate_keep_one
449572ec5d3fd89ea61877477936fb7eab326b553b049100861c1da14200511b,D:\AIUB\DSP\Code\Datasets\C8\RetinalOCT_Dataset\train\DRUSEN\drusen_train_2708.jpg,D:\AIUB\DSP\Code\Datasets\C8\RetinalOCT_Dataset\train\DRUSEN\drusen_train_2709.jpg,train,train,DRUSEN,sha256_exact_duplicate_keep_one
9efa7bcbb9726f50090c3c78974f22c247ac9aee5a245315d76ae9255e5fb005,D:\AIUB\DSP\Code\Datasets\C8\RetinalOCT_Dataset\train\DRUSEN\drusen_train_2799.jpg,D:\AIUB\DSP\Code\Datasets\C8\RetinalOCT_Dataset\train\DRUSEN\drusen_train_2800.jpg,train,train,DRUSEN,sha256_exact_duplicate_keep_one
09d25746fa950546c685472f2dfe2eadf1e8f8a8273e3fe0c971a7c32301414f,D:\AIUB\DSP\Code\Datasets\C8\RetinalOCT_Dataset\train\DRUSEN\drusen_train_2808.jpg,D:\AIUB\DSP\Code\Datasets\C8\RetinalOCT_Dataset\train\DRUSEN\drusen_train_2809.jpg,train,train,DRUSEN,sha256_exact_duplicate_keep_one
b1737852482216648ebed3e6454e0e250a9276a64a8fb69ad4872ac32d5365f8,D:\AIUB\DSP\Code\Datasets\C8\RetinalOCT_Dataset\train\DRUSEN\drusen_train_2881.jpg,D:\AIUB\DSP\Code\Datasets\C8\RetinalOCT_Dataset\train\DRUSEN\drusen_train_2882.jpg,train,train,DRUSEN,sha256_exact_duplicate_keep_one
41f2806e200b36b014f98750c8deda80e9e55fbe2959b7c5d1371a9f2d899f19,D:\AIUB\DSP\Code\Datasets\C8\RetinalOCT_Dataset\train\DRUSEN\drusen_train_2928.jpg,D:\AIUB\DSP\Code\Datasets\C8\RetinalOCT_Dataset\train\DRUSEN\drusen_train_2933.jpg,train,train,DRUSEN,sha256_exact_duplicate_keep_one
2a1512302d0163acec2ee12ed00429be75b75d42598759bd8f29a66c7ff66da5,D:\AIUB\DSP\Code\Datasets\C8\RetinalOCT_Dataset\val\DRUSEN\drusen_val_1303.jpg,D:\AIUB\DSP\Code\Datasets\C8\RetinalOCT_Dataset\train\DRUSEN\drusen_train_2934.jpg,val,train,DRUSEN,sha256_exact_duplicate_keep_one
283cb03c192954f67d2e1e1762e6a22d5e07cb0a724e97d9eab595705c7a76c6,D:\AIUB\DSP\Code\Datasets\C8\RetinalOCT_Dataset\train\DRUSEN\drusen_train_2948.jpg,D:\AIUB\DSP\Code\Datasets\C8\RetinalOCT_Dataset\train\DRUSEN\drusen_train_2949.jpg,train,train,DRUSEN,sha256_exact_duplicate_keep_one
61295b8eec57162f5c89ca1334b89dedc3e513693c07a3b29b4a9bf9d8f0e773,D:\AIUB\DSP\Code\Datasets\C8\RetinalOCT_Dataset\train\DRUSEN\drusen_train_3037.jpg,D:\AIUB\DSP\Code\Datasets\C8\RetinalOCT_Dataset\train\DRUSEN\drusen_train_3038.jpg,train,train,DRUSEN,sha256_exact_duplicate_keep_one
208f02e5a0addc4111718f89ba31e687d9bdbb40db394920047b283ad97bd645,D:\AIUB\DSP\Code\Datasets\C8\RetinalOCT_Dataset\train\NORMAL\normal_train_2219.jpg,D:\AIUB\DSP\Code\Datasets\C8\RetinalOCT_Dataset\train\NORMAL\normal_train_2220.jpg,train,train,NORMAL,sha256_exact_duplicate_keep_one
d1c3bd6df8a98c171c84bd297a838ca0129a402eb6ce665cc0906c26a2dc7e30,D:\AIUB\DSP\Code\Datasets\C8\RetinalOCT_Dataset\val\CNV\cnv_val_1325.jpg,D:\AIUB\DSP\Code\Datasets\C8\RetinalOCT_Dataset\val\CNV\cnv_val_1326.jpg,val,val,CNV,sha256_exact_duplicate_keep_one
5df463ef646a038e379df6df6633d98d2d084087fc470ffb4685f13b0eec7efd,D:\AIUB\DSP\Code\Datasets\C8\RetinalOCT_Dataset\val\DME\dme_val_1196.jpg,D:\AIUB\DSP\Code\Datasets\C8\RetinalOCT_Dataset\val\DME\dme_val_1197.jpg,val,val,DME,sha256_exact_duplicate_keep_one
fda21f27e55db4c6e74619f20d4c5f811f56ceeae81129b2055b96c06840940c,D:\AIUB\DSP\Code\Datasets\C8\RetinalOCT_Dataset\val\DRUSEN\drusen_val_1271.jpg,D:\AIUB\DSP\Code\Datasets\C8\RetinalOCT_Dataset\val\DRUSEN\drusen_val_1272.jpg,val,val,DRUSEN,sha256_exact_duplicate_keep_one
530deded1754a2bbc8d51efc87e3a5c9834cbc01a3c81391cabe947481259aae,D:\AIUB\DSP\Code\Datasets\C8\RetinalOCT_Dataset\val\NORMAL\normal_val_1021.jpg,D:\AIUB\DSP\Code\Datasets\C8\RetinalOCT_Dataset\val\NORMAL\normal_val_1022.jpg,val,val,NORMAL,sha256_exact_duplicate_keep_one
